SYMBOL,onco_driven_score
NOL10,1
CELSR1,1
RHOH,1
DGKD,1
ITPRIP,1
CCL5,1
ELMOD3,1
FHL1,1
CAT,1
FERMT3,1
BIK,1
POU3F4,1
CASP1,1
PAPOLA,1
TANK,1
CHI3L1,1
AP4S1,1
RAB40C,1
RDX,1
TM4SF1,1
IBSP,1
ACYP2,1
RETREG1,1
MAST1,1
SLC19A2,1
HOXC11,1
ECHDC2,1
MLX,1
KRT7,1
UTP20,1
ADGB,1
ELF4,1
BEX1,1
CES1P1,1
CEP135,1
TMPRSS11D,1
GET3,1
XYLB,1
ALLC,1
PTBP3,1
MTARC1,1
MGAT1,1
PDE1C,1
OAS2,1
CYP2C9,1
SLC3A2,1
LYRM9,1
ZNF135,1
EPM2A,1
ZNF124,1
POLE,1
ELANE,1
STAG3L1,1
GCSAM,1
PBXIP1,1
DIO1,1
SOWAHC,1
CMKLR2,1
GMEB1,1
KIF25,1
PNOC,1
RASD2,1
FADS1,1
LHB,1
ITGBL1,1
TFAM,1
MYO1G,1
RSRC1,1
VPS41,1
STBD1,1
TRIM36,1
MEG3,1
DDX27,1
DENND1B,1
NAALADL1,1
SAR1B,1
ATP6V1C2,1
PROSER1,1
RPL3L,1
ABHD2,1
ENPP2,1
PIP4K2A,1
BNIPL,1
TMPRSS2,1
PIP,1
NGF,1
CPB2,1
SNPH,1
RAB6B,1
MOXD1,1
GRIA1,1
SLC4A3,1
ABLIM2,1
EIF2AK3,1
SLC35F6,1
IDH1,1
GRIP1,1
SOD2,1
SNRPN,1
BCS1L,1
OBSCN,1
EIF4G1,1
CISH,1
MYT1L,1
ALDH3A1,1
PPM1M,1
GREB1L,1
LAMA3,1
DPY19L4,1
NGLY1,1
SCN7A,1
ZNF789,1
ROCK1,1
CPN1,1
HSPA8,1
NDC80,1
LAMP1,1
MLLT3,1
NAB1,1
RTN2,1
ANGPTL2,1
CALML3,1
ALX1,1
UNC119B,1
SLC46A2,1
ADIRF,1
HCRTR1,1
PTCH2,1
NSDHL,1
MYH14,1
ADH1B,1
ZNF512B,1
MIR17HG,1
PCDHGB6,1
TGFB3,1
ELL3,1
PSORS1C2,1
TBX3,1
NDRG2,1
MCOLN1,1
TMEM168,1
ZMYM2,1
PDCD7,1
CPVL,1
ASGR1,1
CD1E,1
TRIB3,1
DGAT1,1
TTBK2,1
PPP1R14A,1
P3H4,1
ATP8B3,1
PLEKHO2,1
GFRA3,1
TCF4,1
CPXM1,1
XAF1,1
SIRT4,1
NELFE,1
PDLIM5,1
AFF4,1
ELOVL7,1
GUSB,1
SERPINB1,1
ARTN,1
DCHS1,1
NCR1,1
ANKRD44,1
LINC02487,1
A4GNT,1
RSPH1,1
CD1A,1
RASGRF2,1
CLMN,1
IRAG1,1
SPECC1,1
ADGRF5,1
ASF1B,1
COMP,1
ALOX5,1
UBE2J1,1
RANBP2,1
TUBG1,1
B3GALNT2,1
EVI5,1
SIK1,1
SUSD5,1
PIK3R4,1
KLF2,1
KLK2,1
ADCYAP1,1
CBFB,1
TAF4B,1
CBLN1,1
DLGAP5,1
TTC37,1
CMTM8,1
PIP5K1C,1
PEX19,1
PIGT,1
APLP1,1
ADAMTS8,1
DOCK3,1
CDK1,1
CCDC57,1
BSCL2,1
HOXB3,1
PEX3,1
MIGA2,1
NR5A1,1
DOLPP1,1
NTN4,1
PTPRK,1
NOTCH2,1
LCK,1
EFNA1,1
CLPTM1,1
PCOLCE2,1
RWDD2B,1
MGLL,1
PPARA,1
CYP39A1,1
MANBA,1
APOL3,1
CYP2C18,1
RAMP3,1
AMD1,1
H2BC4,1
ARHGAP15,1
CTBP2,1
NEFH,1
CYP4F3,1
COL14A1,1
POMP,1
MAPKBP1,1
FAM13A,1
EDIL3,1
CPEB1,1
POP1,1
PF4,1
LGALS3,1
DHRS3,1
PRKCE,1
PLGLA,1
CBR3,1
STX11,1
NME3,1
OGN,1
ZNF668,1
TUSC2,1
COP1,1
F8,1
MRPS33,1
SAP30BP,1
NPBWR2,1
TFPI,1
MARCHF7,1
SCAMP4,1
FBLN5,1
CHAC2,1
SNAI1,1
FAP,1
CYP4B1,1
ZNRF3,1
PGF,1
C1S,1
GDAP1L1,1
RAB3IL1,1
IL1RL1,1
TMEM143,1
FAM182A,1
PLXNA1,1
PLEKHH2,1
CDH1,1
NMU,1
MFAP3,1
ANXA4,1
GALNT7,1
SDC2,1
LTB4R2,1
PDE1B,1
CREB3L2,1
PIDD1,1
GLRA3,1
INSL5,1
TSPO,1
OR10H3,1
NOX1,1
CPLANE2,1
MFAP4,1
ZNF132,1
CHMP1B,1
MET,1
MSX2,1
FRMD6,1
TNNT3,1
GTF2A1L,1
EVC,1
NUP37,1
MALT1,1
SLC8A2,1
FCAR,1
LINC00639,1
NR2C2,1
ABCD1,1
ZNF574,1
VAMP2,1
EPS8L3,1
RRAS,1
WFDC1,1
KCNB1,1
ABHD14A,1
CCNK,1
TRIM2,1
MARK1,1
TSGA10,1
RLN2,1
TEX13A,1
RFWD3,1
PPP3CA,1
ZC3H15,1
SNTA1,1
AARD,1
KLF7,1
PEPD,1
ATAD1,1
KYAT3,1
FAHD2A,1
YWHAH-AS1,1
MEOX2,1
PKD1P1,1
STK35,1
ARL17A,1
ATPSCKMT,1
KCNA3,1
ACP5,1
BPIFB5P,1
THOC6,1
LRP2BP,1
VAV3,1
CATSPERB,1
PVT1,1
NRIP1,1
BNIP2,1
OPRD1,1
ABHD14B,1
DCAF4,1
RASGRF1,1
PHAX,1
RHOBTB1,1
SP5,1
LINC01558,1
RECK,1
NRIP2,1
GJB3,1
HS6ST1,1
SORL1,1
NTS,1
HHAT,1
SALL2,1
PSMD13,1
LHCGR,1
IQCC,1
AGAP1,1
IL3RA,1
HRH1,1
CHST10,1
ZNF286A,1
HK2,1
SLAMF9,1
TEC,1
POP5,1
SYT15,1
CAAP1,1
PER1,1
TCF12,1
HPX,1
PLK5,1
USP20,1
ZKSCAN7,1
PIK3R3,1
CENPH,1
EIF4E,1
TNIK,1
BCOR,1
NEDD9,1
BTLA,1
HEBP1,1
CAV3,1
RGS18,1
BCL2L2,1
PSRC1,1
AQP8,1
MYO1A,1
MYC,1
BCL6,1
LIX1,1
ZSCAN31,1
EP400,1
WNT2,1
PDHA1,1
CAB39,1
ALDH1A2,1
MEIS2,1
DOK7,1
PDK1,1
GPR84,1
GJA1,1
ELF3,1
PLCG2,1
SORT1,1
ANXA9,1
PCDH7,1
IL18RAP,1
CDCA7L,1
GYS1,1
P2RX2,1
RMI1,1
EDN3,1
EMC2,1
MYLIP,1
LINC01278,1
A1CF,1
SLC5A4,1
KRR1,1
ZNF35,1
SLC24A2,1
TIMP2,1
IGFBP2,1
HTR2B,1
AMT,1
NPEPPS,1
CORT,1
ABCA6,1
TMCC2,1
SLC5A3,1
GABRB3,1
MED6,1
ACOT1,1
MIPOL1,1
PRIM1,1
TLR2,1
PADI3,1
SSX1,1
FBXL19,1
BRD8,1
ZNF266,1
SLC6A16,1
BAG5,1
KRT3,1
ARHGEF40,1
TRMT9B,1
BST2,1
ATP10D,1
GPR176,1
PHLDB1,1
PYCR3,1
LRP3,1
CSDC2,1
TUBA4A,1
CHKB,1
B4GALT5,1
BMP5,1
RIN2,1
SNCA,1
BMI1,1
CDC20,1
DTL,1
TTK,1
LMBR1,1
AIRE,1
ITLN1,1
OVGP1,1
KIF5C,1
MYH7B,1
RAP1A,1
ZFP42,1
NDUFV1-DT,1
SGK3,1
MCM3,1
SLC6A9,1
DSG2,1
GPATCH1,1
PKP1,1
L1CAM,1
PYHIN1,1
KRT4,1
FGF13,1
ITGB1BP2,1
EHBP1,1
PPCDC,1
FAM111A,1
CDK18,1
LINC00842,1
IQCG,1
KDM4B,1
A2M,1
PLEC,1
UBE2L6,1
MAX,1
MPP3,1
IFI27,1
BLMH,1
NBEA,1
CTNNBIP1,1
SWSAP1,1
ATPAF2,1
BTG2,1
SLC22A11,1
CALCB,1
CLDN11,1
ZNF443,1
CAMK1D,1
PAX5,1
AQR,1
GTF2B,1
TRMT1L,1
MTHFD2L,1
NAGK,1
PALS2,1
SRI,1
NR0B2,1
SHOX2,1
CCL16,1
SULT1A1,1
DNASE1L3,1
LRP2,1
TTC14,1
SLC13A2,1
TRIM9,1
SMIM29,1
PMEPA1,1
PDZRN3,1
HPDL,1
CYP1B1,1
ENTPD4,1
SLC25A32,1
JUNB,1
CD6,1
EHF,1
TRAT1,1
TTR,1
MID1,1
GRAP2,1
NNAT,1
PHIP,1
RCC1L,1
TAOK2,1
PPARD,1
MTG1,1
ELP6,1
SHCBP1,1
CNGB1,1
COG5,1
BTG1,1
ADCYAP1R1,1
BCL2,1
ADAP2,1
MAN2A2,1
ASH2L,1
DNMBP,1
NEAT1,1
MNAT1,1
EPB41,1
COL5A3,1
GNA12,1
CHRNA3,1
SLC37A4,1
PCNX3,1
CD80,1
XIST,1
DNAJA3,1
GPX3,1
SUZ12,1
IZUMO1R,1
TGFBR3,1
CCDC59,1
GBP2,1
ATL1,1
ROR2,1
PRMT3,1
GOLGA8A,1
ZNF34,1
GPR12,1
LSM7,1
KRT32,1
MMP13,1
DOC2B,1
PDHA2,1
PLS3,1
TNFSF9,1
SSTR4,1
ATP8B2,1
GAREM1,1
GADD45G,1
LAIR1,1
IL22,1
GLO1,1
PCBD1,1
PSG2,1
NME4,1
POLR3G,1
PCSK9,1
NECTIN4,1
SPRR3,1
ZNF500,1
RBM43,1
VOPP1,1
MTG2,1
BZW1,1
CREBRF,1
PDP1,1
GH1,1
PLA2G4C,1
PLBD2,1
GFPT2,1
LIN9,1
ALK,1
THADA,1
ARC,1
NUS1P3,1
PPP1R12B,1
OR2A7,1
PDCD2L,1
C3orf36,1
H4C14,1
ANKRD29,1
HOXA9,1
SYN3,1
SPP1,1
CLN3,1
OR1A1,1
DNAJA4,1
CD38,1
PRH2,1
PRELID3A,1
FCN2,1
NPY,1
AOC1,1
BAG2,1
APOF,1
PID1,1
STK40,1
DKK2,1
PTEN,1
DCK,1
ASPH,1
CNTFR,1
RTP4,1
SSR3,1
C19orf48,1
LPAR3,1
TFF1,1
INPP5J,1
UTS2,1
CRIP1,1
TRIO,1
KCNAB2,1
MAPK13,1
HENMT1,1
B3GNT3,1
ATP9B,1
SDK2,1
NUDT21,1
CCL24,1
MYCT1,1
MYO10,1
CRYAA,1
GON7,1
HOXA1,1
PAK4,1
MEGF9,1
ELAC1,1
FGG,1
ZNF467,1
CLEC4E,1
ADTRP,1
MTMR3,1
NME7,1
TCF25,1
CA12,1
ERLIN2,1
PANK1,1
SNTB1,1
ADGRL4,1
ZNF423,1
C17orf80,1
PLEKHA5,1
INKA2,1
EPHA1,1
P2RX1,1
CCR9,1
MAPK3,1
ANPEP,1
ELOVL1,1
SV2B,1
SHTN1,1
BCHE,1
ZBTB11,1
CA9,1
STEAP1,1
TRPC3,1
GOLGA8B,1
ZMIZ1,1
PRSS23,1
MAPK8IP2,1
MZT2A,1
RNF167,1
RAD9A,1
GAS5,1
PKD1,1
CEBPZ,1
FBN1,1
LYSMD1,1
HUS1,1
SLC9A3R1,1
GLS2,1
PTH2R,1
H4C3,1
SCNN1D,1
BCAR1,1
MAP3K12,1
ZCCHC24,1
ERCC2,1
KCNQ4,1
FNDC4,1
MFF,1
RPUSD2,1
KANSL1L,1
F2RL1,1
SERPINA7,1
LYRM7,1
LAMP2,1
RNPC3,1
RUNDC3A,1
DZANK1,1
TFCP2L1,1
KRT20,1
STK11IP,1
IRF7,1
PRPH,1
SC5D,1
WWC1,1
NELL2,1
KCTD20,1
PKP3,1
COBL,1
CCND2,1
VAT1,1
SRA1,1
ACVR1,1
SLC8A3,1
VAX2,1
SHC2,1
TP53BP2,1
BLCAP,1
CITED2,1
KAAG1,1
BUB1,1
KLK8,1
PCDHB3,1
FLOT2,1
TBR1,1
STMN1,1
TRPM1,1
GABRE,1
TRAPPC4,1
CBS,1
CHST7,1
ZNF302,1
UTS2R,1
SLC1A1,1
AATK,1
SLC32A1,1
TFPI2,1
KLK3,1
RTCA,1
NELFCD,1
MBD2,1
CDCA3,1
DENND2A,1
MAP2K1,1
CSPG4,1
BIRC5,1
HSD17B7P2,1
ATP2B2,1
ZBTB39,1
ABCB1,1
AEBP1,1
FAM216A,1
IL1B,1
HMGCS1,1
MORC1,1
CELF2,1
CD160,1
ARL1,1
ACSL4,1
PBLD,1
HCRT,1
PAFAH1B3,1
MYL10,1
AK1,1
INA,1
NBPF10,1
FAM20C,1
DDAH1,1
CYTIP,1
RBIS,1
CDK20,1
IRF8,1
CCR2,1
GPR35,1
MLLT6,1
MED20,1
NUPR1,1
APTX,1
STK17A,1
CHRND,1
NSUN4,1
SYNGR4,1
SRSF2,1
SETD4,1
MED17,1
OLFML2B,1
LY75,1
RBL2,1
PI16,1
CCDC70,1
FABP5,1
MCM4,1
TRIM56,1
COQ9,1
SUZ12P1,1
EIF4EBP3,1
TNFRSF8,1
KCTD2,1
IFT140,1
TRIP13,1
PCDH9,1
ICAM1,1
SLC25A13,1
PEX6,1
LETM1,1
STEEP1,1
ADAM23,1
SEC31B,1
BAK1,1
DSTYK,1
NOX5,1
COL11A1,1
DDX4,1
NME6,1
YIPF2,1
NFKBIL1,1
SYNE2,1
HMOX1,1
HINT1,1
RGS6,1
RAI14,1
GNGT2,1
SELENOK,1
PRKAR2B,1
RALGDS,1
HAUS3,1
RAPGEF4,1
CA8,1
CTNS,1
HMMR,1
SCLY,1
N4BP2L2-IT2,1
AMMECR1,1
ASAP3,1
ESR1,1
FANCL,1
KDR,1
LAMC2,1
OR52A1,1
UCP1,1
ACHE,1
RBMS1P1,1
STC2,1
FOSL1,1
DUSP2,1
MVK,1
CCNL1,1
NPTN,1
HAL,1
GABARAPL3,1
LCLAT1,1
RALGAPA1,1
TNNT2,1
ANO2,1
PYGM,1
COL2A1,1
ZNF334,1
CCDC82,1
AKAP5,1
MCAT,1
IGLC2,1
GULOP,1
HSF2BP,1
IFT172,1
RBM38,1
CLIC2,1
MKLN1,1
GSG1,1
CST1,1
PLEKHO1,1
IRX5,1
TMEM273,1
GPSM3,1
RSBN1,1
TROAP,1
CPNE2,1
SSTR1,1
PAWR,1
TREX1,1
SLAMF1,1
USP27X,1
CYP2R1,1
SLC26A10,1
GRM3,1
GIPR,1
TFDP3,1
PHC1,1
MRPS18B,1
ZNF273,1
UBXN8,1
FASN,1
CYTH3,1
HIVEP3,1
TMEM163,1
PRDX4,1
FURIN,1
KLHL4,1
ABCA2,1
NR6A1,1
TASOR,1
IFNE,1
RAPGEF1,1
PTGFR,1
LGALS2,1
PHLDA3,1
FLT1,1
CES2,1
PXDN,1
FBP2,1
SLC10A6,1
DBR1,1
AVPR1B,1
PRRG4,1
UCA1,1
ANKRD11,1
ATP2C2,1
IL22RA2,1
RRAGA,1
B3GNTL1,1
KIF23,1
GAL3ST1,1
PARP11,1
TTPA,1
NMT2,1
CREB3L1,1
COL13A1,1
BRAF,1
NMI,1
GJA10,1
UBTF,1
MSX1,1
ADAMTSL2,1
MYH13,1
OAS1,1
SEC16A,1
SLC2A3,1
SLC40A1,1
KDM8,1
ARID3B,1
ADAMTS9,1
DSP,1
EFEMP2,1
NT5DC3,1
COLEC11,1
ANKZF1,1
PROK2,1
ATP6AP2,1
DTNA,1
CHRNB4,1
LRIG2,1
KIR2DL1,1
MRTO4,1
MX2,1
CRYBG3,1
KANK2,1
SIRPA,1
SPART,1
SEPTIN10,1
LINC01587,1
MAN2B1,1
CDK2AP1,1
CXCL14,1
ADAM3A,1
BCL2A1,1
TSHB,1
GABRA2,1
ATP1B2,1
MAGEA4,1
BMPR1A,1
CLEC7A,1
FKBP10,1
ZNF324B,1
TSKU,1
DIP2A,1
PUS7,1
HPN,1
DNAJC11,1
PARVA,1
RSF1,1
SOS1,1
MYL5,1
CCAR1,1
LCN2,1
OPRPN,1
CLCA3P,1
RAB17,1
SLC7A2,1
LRRC20,1
ZBTB20,1
STAB1,1
PLIN1,1
MXD4,1
ZNF318,1
EEF1G,1
SLC16A3,1
IGFBP5,1
TP53TG1,1
HHLA1,1
ENC1,1
AK5,1
SUV39H2,1
S100A1,1
CRCT1,1
PDCD6,1
MEGF8,1
CLIP3,1
PLCL1,1
NDN,1
ETV2,1
MAGIX,1
ZFP37,1
VTN,1
TMEM80,1
BPHL,1
CLCA1,1
NACC1,1
CLSTN3,1
VEZT,1
TMEM160,1
HADHB,1
FBXO25,1
LONRF1,1
KLF1,1
IL12A,1
ZNF721,1
FTSJ1,1
CCNE1,1
FGR,1
KIAA0087,1
SP1,1
MROH5,1
H2BC15,1
KRT27,1
CARD14,1
RASSF2,1
P2RY4,1
CMC1,1
SERTAD2,1
DENND1A,1
SP140,1
ADCY10,1
TLR4,1
FAM241A,1
RDH16,1
CLK4,1
CD52,1
IL6,1
SLC6A20,1
AASS,1
CD69,1
UQCC3,1
PTGES,1
ARSF,1
IHH,1
VPS13B,1
METTL3,1
FANCI,1
SERINC1,1
DEF6,1
RRAGB,1
TAF11,1
PSG11,1
PSME1,1
ST3GAL2,1
MTUS1,1
TLX2,1
PSPH,1
CPLANE1,1
SPEG,1
TRMT61B,1
MAP4K1,1
IMPACT,1
NAA10,1
CHRNB2,1
KBTBD6,1
ACCS,1
COL4A1,1
DMTF1,1
BAALC,1
BTBD7,1
PANK3,1
TNS3,1
DBF4B,1
SLCO4A1,1
TSPAN1,1
BTBD18,1
MRE11,1
CDH20,1
RNF17,1
ANXA1,1
FOXD2,1
COL9A1,1
SLC33A1,1
RBMY2AP,1
MAGT1,1
YTHDF2,1
EFHC1,1
SERPINB4,1
DHRS2,1
RYK,1
ADORA2B,1
KCNQ3,1
NCOA7,1
ASPN,1
UBA3,1
TNFAIP6,1
VGLL3,1
NPFF,1
MIA2,1
TAS2R1,1
VASP,1
ABO,1
PAEP,1
FDXR,1
BBX,1
MED12L,1
CCL23,1
ZNF395,1
PLEK2,1
CYP4F29P,1
AKAP4,1
MPPED1,1
S100B,1
VNN2,1
PPP1R13B,1
TBCC,1
PDCD10,1
MGST2,1
PDGFC,1
ERAP1,1
ABCA3,1
RRP15,1
LIPE,1
PDIK1L,1
GSDMA,1
CT55,1
DYNLT2,1
ZDHHC8P1,1
KCNN4,1
RAB1A,1
KCNJ9,1
ASL,1
ASNS,1
CLIP4,1
IGSF1,1
GFAP,1
TOR1A,1
KRIT1,1
ITGA6,1
FBN2,1
AMPD3,1
LY6D,1
MST1L,1
BIN2,1
GBE1,1
ST3GAL4,1
DOC2A,1
RNF186,1
MXD3,1
SSBP2,1
TMEM42,1
SMCP,1
ECE1,1
H3C7,1
SLC30A4,1
TPP1,1
INO80C,1
SLC22A18AS,1
LINC00926,1
LCN1,1
TPD52L3,1
IL17RC,1
SCN3A,1
B4GALNT1,1
XPNPEP2,1
ZIC1,1
LORICRIN,1
SMOX,1
PDE4A,1
TANC2,1
PNRC2,1
PRKAR1B,1
LMO4,1
ZFP57,1
DHX29,1
DKK1,1
DLG5,1
PPARGC1A,1
ATR,1
ABCB11,1
HOXA3,1
S100A11,1
PDE5A,1
DOK3,1
ATG2A,1
MAGEA10,1
LIAS,1
RHBDL2,1
BCKDK,1
LACTB2,1
RCN1,1
SOX10,1
TSC2,1
LINC01963,1
F13B,1
KLHL2,1
GPRC5A,1
CLGN,1
ACTG2,1
LYL1,1
SATB2,1
CRCP,1
CCDC22,1
MFAP5,1
KLHL12,1
IL1RL2,1
TXLNG,1
AHR,1
LMNTD2-AS1,1
HOXC5,1
DNMT3L,1
CNGA2,1
PRSS3P2,1
SYT12,1
SLC18B1,1
ADAMTSL4,1
INTS7,1
FLYWCH2,1
ANHX,1
TRIM23,1
ARHGEF12,1
AIDA,1
ACAP2,1
GRK4,1
MOGS,1
MAEA,1
CDPF1,1
CTSZ,1
ARSD,1
CSDE1,1
SETDB1,1
CIC,1
CLRN3,1
HRK,1
ICOS,1
C1orf52,1
CLDN14,1
RBP1,1
CRIP3,1
DNAJB14,1
SKAP2,1
MAP3K21,1
SLC52A1,1
PNPLA4,1
RNF144A,1
TLN1,1
CRISP1,1
ZNF821,1
KITLG,1
KLF5,1
CYTL1,1
TCL1B,1
CXCL11,1
ANAPC10,1
IL18,1
PRELP,1
RPS28,1
CDC42SE2,1
PRAME,1
SEMA4D,1
MATN4,1
GLRA1,1
GALR3,1
CDC42BPA,1
ETV5,1
C1orf159,1
PHF7,1
PDE4B,1
NCR3,1
ADAMTS2,1
UCP2,1
MSRB2,1
SLC39A6,1
MTPAP,1
ENTPD3,1
CD36,1
DBP,1
SLC7A3,1
PAPPA2,1
SECTM1,1
DOCK9,1
TUBGCP4,1
EFNA4,1
NEUROD4,1
CNTN2,1
BAG4,1
TACC3,1
FAM50A,1
GCKR,1
RAC3,1
PGR,1
ATXN3,1
H1-3,1
KDELR3,1
H2BC12,1
MYO19,1
CCKAR,1
BMS1P2,1
SULF1,1
GPR20,1
TLE1,1
FOLR2,1
LONRF2,1
ACACB,1
DIRAS2,1
OSBPL10,1
ROBO1,1
POLR2M,1
WDFY2,1
SYNE3,1
ALDH6A1,1
CTRB1,1
IGBP1,1
LIFR,1
TXNRD3,1
TACC2,1
RGS14,1
TP53INP1,1
IL1RAPL1,1
CACNG3,1
TMEM176A,1
RORB,1
ITPR2,1
ESF1,1
CYSLTR1,1
FUT7,1
CD93,1
PRR15L,1
FXYD4,1
SLC14A1,1
COG6,1
EXT1,1
GCA,1
H2BC6,1
TNK2,1
B3GAT3,1
C1orf56,1
NLE1,1
CLCA2,1
FTSJ3,1
SPIN1,1
SLC17A6,1
TRIP11,1
RXRA,1
ADH1A,1
AOX1,1
HOMER2,1
SPATA1,1
SLC22A14,1
OR6B1,1
DHX58,1
CACNA1F,1
HIPK3,1
SRPK1,1
SRSF1,1
HEY1,1
SPINK4,1
P2RX5,1
TNFRSF12A,1
ADAMTS1,1
WDR36,1
NRSN2,1
ZDHHC5,1
ZDHHC14,1
TLL2,1
SVBP,1
H2AZ2,1
NHLRC2,1
RIT2,1
BBC3,1
USP19,1
DAD1,1
PHF20,1
SERPINA6,1
NPTX2,1
MAGEC2,1
PDZD2,1
PUM2,1
CNTF,1
SANBR,1
INTS14,1
KMT2A,1
ITPKB,1
TDRD3,1
STOX1,1
RFTN1,1
DDHD2,1
IGFBP7,1
ADCY2,1
CASP14,1
NR1H3,1
API5,1
SMN1,1
NVL,1
CYP2J2,1
STX4,1
ADCY9,1
ARL4C,1
KLK7,1
GALNT6,1
CD207,1
KPNA4,1
MAP3K15,1
NLK,1
SLC19A1,1
KCNJ14,1
TLN2,1
TULP3,1
RND2,1
DDX58,1
VENTXP7,1
ZBED2,1
EFNB2,1
AGBL2,1
MOB3C,1
ZNF84,1
DPP10-AS1,1
ARMT1,1
PUS1,1
SELENBP1,1
GRIN2D,1
KXD1,1
GP6,1
RNF39,1
GRB10,1
ADA,1
LAP3,1
LMAN1,1
SIDT2,1
PTPN11,1
NOCT,1
GMCL1,1
ETS1,1
THSD4,1
ZNF682,1
TXNRD2,1
DYNC1LI1,1
PXMP2,1
INPP5F,1
EXOC6B,1
EGR1,1
CDK5R2,1
SIGLEC5,1
CCL11,1
RIBC2,1
PRDX2,1
PCDH8,1
ADAMTS7,1
IFT57,1
PRTN3,1
KLK15,1
TKFC,1
SEZ6,1
GABRA4,1
SH3RF1,1
ARL6IP1,1
F8A1,1
CYP26B1,1
POR,1
EDN1,1
CMKLR1,1
MYO1F,1
QSOX1,1
WNK1,1
PPIEL,1
PTPRH,1
TMEM135,1
TMEM14A,1
IGFBP1,1
GALNT12,1
VAT1L,1
GP1BA,1
BRCC3,1
AFDN,1
SYNDIG1,1
SIRT3,1
CACNA1H,1
IPO8,1
HAUS4,1
IRF9,1
MSANTD2,1
GAS6,1
TMCO2,1
BYSL,1
CRYBG1,1
SLC35E2A,1
CRYZ,1
MLH1,1
HLA-DMA,1
RERG,1
FAM32A,1
WT1-AS,1
WAS,1
UFL1,1
NINJ2,1
C12orf75,1
SLC25A21,1
CHRNA2,1
ALDOC,1
METTL27,1
CHST2,1
EPDR1,1
DCT,1
CTBS,1
SFTPB,1
SHH,1
HSD17B8,1
SLC35C2,1
CRYBG2,1
MAP7,1
GRIK2,1
PAX2,1
CACNA1C,1
DOK5,1
NRL,1
OMG,1
SEPTIN1,1
IER5,1
PDZK1IP1,1
ACKR4,1
HIP1,1
ALAS2,1
LECT2,1
NAT8B,1
EMP2,1
CYP2F1,1
MC2R,1
TK1,1
SAA2,1
CBX7,1
AMHR2,1
MT1F,1
ZNF408,1
KRT14,1
GTF2A1,1
TRPM6,1
MBTD1,1
TPPP3,1
IZUMO4,1
ZEB1-AS1,1
FRMD5,1
DNA2,1
ANXA7,1
RAB8A,1
HES5,1
NSG1,1
RIOK2,1
S100A4,1
REV3L,1
EMILIN2,1
VAMP5,1
CTH,1
H4C8,1
TAF13,1
MAGEC3,1
SMYD2,1
FBXO22,1
SDSL,1
KLHL23,1
LOC100133091,1
TUBA1A,1
HOXB2,1
DRD5,1
BHMT,1
CD2AP,1
RPS20P14,1
TREM2,1
FRAT1,1
MLYCD,1
FAM102A,1
HRH2,1
OPN3,1
NECAP2,1
MAFK,1
SASH1,1
C2orf27A,1
MST1R,1
SOCS3,1
EXOSC1,1
IFNA10,1
IL12RB1,1
PGM5,1
PABIR3,1
APEH,1
ZNF746,1
IGLL1,1
TMEM245,1
NCOA3,1
PRKD3,1
SPRR1B,1
CKAP4,1
MIPEP,1
DHX32,1
SPOP,1
MON1B,1
IDI1,1
SNAPC3,1
SF3B1,1
THEG,1
HEYL,1
TMC6,1
KHDC1,1
ZSWIM6,1
PARD6B,1
CASP2,1
ZFYVE19,1
ACSF2,1
GM2A,1
KIR2DL4,1
DUSP18,1
CNTLN,1
FAIM,1
PLA2G2E,1
TNNI2,1
PPIL1,1
MAP2,1
RARB,1
IGHA2,1
ARPC1B,1
ELF2,1
USP18,1
GPR52,1
PTGER2,1
LRBA,1
FXYD1,1
GVINP1,1
GINS1,1
MYL9,1
C3orf80,1
TCAIM,1
SLC39A1,1
PRB3,1
TMEM119,1
GALE,1
ZBP1,1
ALPG,1
H6PD,1
ESRRA,1
CHD1,1
ZNF358,1
RAB3B,1
ADAM19,1
POLR1G,1
C14orf93,1
VIM,1
HCG11,1
ECEL1,1
AUTS2,1
ANKRD46,1
SHPRH,1
EPB41L4B,1
DDX60,1
GALNT16,1
PTCH1,1
PSORS1C1,1
TMEM132A,1
NIPAL2,1
MITF,1
REEP1,1
RIMS1,1
HS3ST1,1
OIP5,1
LGALS4,1
GPNMB,1
TYRP1,1
ZNF155,1
PIAS3,1
ATG2B,1
CASK,1
CAP2,1
CDK11B,1
XRCC3,1
TXNIP,1
IQGAP1,1
MTFR2,1
ASS1,1
SLIRP,1
ZBTB49,1
UGT2B17,1
PACRG,1
LDB1,1
POGZ,1
GSN-AS1,1
RB1,1
PEG10,1
INSR,1
DUOXA2,1
WDTC1,1
MYADM,1
STAT3,1
RBMS2,1
PIK3R2,1
GLDC,1
PMVK,1
CNIH4,1
GDPD3,1
ZNF862,1
MARF1,1
NDUFAF7,1
CAST,1
PM20D1,1
ZC3H12C,1
EGR3,1
PCDHB13,1
CRYAB,1
CYP51A1,1
IDUA,1
PTCD1,1
FBXO6,1
FGF1,1
NUP160,1
IFRD2,1
ZKSCAN4,1
SNX15,1
INSM1,1
SH3BGRL2,1
ZNF414,1
ZCCHC10,1
RFX3,1
XRCC5,1
NKAP,1
MPZL3,1
PTPRG,1
RIPOR2,1
KCNE2,1
SARAF,1
ALOX5AP,1
DNASE2,1
TNXB,1
GPR39,1
TWNK,1
ACAT2,1
BRMS1,1
FBXL6,1
ARID4B,1
TIMP3,1
DLX5,1
ACVR1B,1
ST8SIA1,1
CPB1,1
MEF2B,1
FOXI1,1
CCNF,1
C1D,1
EDNRA,1
CTSL,1
SYTL1,1
GPR143,1
P2RX7,1
SLC8A1,1
TJP1,1
GRM4,1
UBE2E2,1
SBDS,1
IRF1,1
MIR155HG,1
ABCA4,1
ZNF226,1
MINAR1,1
RWDD3,1
NFYB,1
SLC22A6,1
DCTN6,1
OTUD1,1
AK4,1
MED13L,1
PSEN2,1
DUSP1,1
PAK1,1
ATF7,1
EYA3,1
GALT,1
CPS1,1
YOD1,1
MACIR,1
CIB1,1
ARFGAP1,1
NINJ1,1
SCAND2P,1
MOSPD2,1
GLI2,1
SFXN1,1
RIPK1,1
DOCK8-AS1,1
BPIFB1,1
MDFIC,1
KCTD15,1
P2RY14,1
IGF2,1
CLEC2D,1
PNMA8A,1
GDPD5,1
TLL1,1
CAND1,1
MYLK,1
CIITA,1
CHN1,1
RPS2,1
WNT16,1
MMP9,1
SCARF1,1
CAPN10,1
INPP4B,1
VCAN,1
HMGCS2,1
CCL18,1
RSAD1,1
DUSP21,1
STARD13,1
NFE2,1
RASSF9,1
PCSK6,1
SCRG1,1
CLTC,1
MC4R,1
SORBS1,1
FUT3,1
GSTA4,1
PGPEP1,1
SLITRK3,1
AJUBA,1
HAND1,1
BET1L,1
ARRB2,1
MRPL9,1
GRIN1,1
PTGS1,1
GUSBP1,1
LINC00472,1
PCCB,1
TPH1,1
TCEA3,1
CPTP,1
CSF1R,1
OBSL1,1
HAPLN4,1
MCM5,1
SLC45A2,1
CXCL12,1
NFKBIA,1
TUBBP5,1
RAB8B,1
PIK3C2B,1
BLVRB,1
CBLIF,1
PML,1
AK4P3,1
EBLN2,1
PDE6D,1
HEBP2,1
KNG1,1
INHBB,1
TGIF2,1
THSD7A,1
CAPN2,1
PNLIPRP1,1
ABCC3,1
SEC24D,1
GPR22,1
NAA15,1
GPR157,1
ICAM3,1
CABYR,1
LPIN1,1
KRT80,1
C17orf64,1
ADAM28,1
MAP3K7,1
CIRBP,1
RGS19,1
TCEAL4,1
ELOVL6,1
SEPHS2,1
CPNE6,1
COL1A1,1
BCL11B,1
MTURN,1
TDRD12,1
PRKCA,1
RSPH14,1
FZD9,1
ITPKC,1
MAPK9,1
DAPP1,1
CYP3A7,1
CEBPD,1
MRPL19,1
CAMKV,1
CD44,1
HERC3,1
DTWD1,1
ELK3,1
CD37,1
NTSR1,1
GARRE1,1
ME1,1
MBP,1
HYOU1,1
FGF17,1
PYCARD,1
TRIM13,1
BLOC1S4,1
FGF22,1
BIVM,1
PPP6R1,1
ATAD2,1
TMEM158,1
EYA1,1
CHRM1,1
ANTKMT,1
PCOLCE,1
GAL,1
MBD5,1
LAMTOR2,1
ZBTB5,1
CHMP4A,1
BEND6,1
SUSD4,1
YPEL5,1
CENPF,1
KCNN1,1
TEKT2,1
MARK2,1
NEUROD2,1
CYP11B2,1
TIPIN,1
KLF13,1
KPNA6,1
SIRPB2,1
RCE1,1
PPTC7,1
H3C2,1
ABCD2,1
MCTP1,1
IL11,1
STX16,1
DLX6-AS1,1
GRM2,1
PRMT7,1
FKBP11,1
NET1,1
GPD1L,1
ARHGEF16,1
HMCES,1
FAN1,1
KLRD1,1
S100P,1
EPCAM,1
CHD1L,1
THAP11,1
DMXL1,1
SLC39A8,1
C2CD2,1
ACOT8,1
PER2,1
ATP2B1,1
RHOBTB3,1
PRDM4,1
ZNF337,1
CXCL1,1
SLC7A11,1
NMRK2,1
TUBGCP2,1
HOXC13,1
FEZ2,1
CPPED1,1
GPC3,1
LIMA1,1
ULBP1,1
RPL10P17,1
TMEM11,1
SYNPO2L,1
ZEB1,1
CLEC4D,1
GLT8D2,1
MLPH,1
H4C2,1
NCAPH2,1
TNR,1
HCN4,1
C2,1
MUC4,1
CHST12,1
FOSB,1
ICOSLG,1
PHLDB2,1
INSIG2,1
CCDC33,1
GPR50,1
GBX2,1
PSD,1
EDN2,1
SPINT2,1
FBLIM1,1
SPG11,1
RFX2,1
SCGB1D2,1
IKBKG,1
JCAD,1
SLC23A2,1
JOSD1,1
TRAPPC12,1
RRM2B,1
C1QB,1
DYM,1
TUG1,1
MDN1,1
SERHL2,1
PLCB3,1
LSM5,1
ZNF551,1
PLSCR2,1
PKP4,1
PLOD2,1
HCG18,1
KRT9,1
SMAD7,1
CTNNAL1,1
ADRB3,1
CUBN,1
ARHGAP11A,1
ZNF213,1
FUT2,1
SERPINH1,1
PTN,1
YBX2,1
CYBC1,1
ADCY3,1
VPS45,1
RIDA,1
CD96,1
EDEM1,1
TAF1C,1
CCNH,1
SLC9A5,1
AJAP1,1
CCDC102B,1
PROP1,1
RCBTB1,1
NFATC3,1
CENPS,1
TCFL5,1
KCND2,1
C11orf24,1
EPB41L4A,1
RPS6KA5,1
CHIT1,1
POLR2J4,1
PTTG2,1
GTF2I,1
S1PR5,1
CHRNA6,1
CDCP1,1
PPFIA4,1
INTS6,1
FBXL15,1
SLC6A1,1
ZSCAN5A,1
SIX4,1
MPDZ,1
DCX,1
ARMCX1,1
RIF1,1
SLC6A15,1
CD9,1
AXIN1,1
TMEM8B,1
RHBDL1,1
INO80D,1
PARP2,1
GPATCH2,1
SPATA5,1
MVD,1
GOLPH3L,1
PAIP2B,1
C2orf68,1
ABCG2,1
ALB,1
COL17A1,1
NACAD,1
PLA2G1B,1
TDRD1,1
HTN1,1
MAP3K2,1
KLF3,1
TMEM268,1
TMOD3,1
PAFAH2,1
FAR2P2,1
CARD10,1
RARS1,1
ADRA2C,1
CTF1,1
CHRDL1,1
KATNAL1,1
LINC02249,1
KLHDC4,1
STXBP2,1
SLC6A5,1
KRT79,1
ELL2,1
NACC2,1
ZNF180,1
FOXN4,1
MLLT1,1
S100G,1
TEAD1,1
ADHFE1,1
NT5C,1
LRRC61,1
SIRPB1,1
TFB2M,1
F13A1,1
FSHB,1
ANKS1B,1
ABCG4,1
LRRC37A,1
CLEC10A,1
VCL,1
EEF1AKNMT,1
CYP24A1,1
FAM222B,1
SLC39A2,1
HYAL1,1
AGL,1
GRIK5,1
SLC13A4,1
DSCR8,1
PDIA3,1
C1RL,1
REEP2,1
RPP25,1
LTB,1
ZFYVE26,1
LFNG,1
STXBP1,1
CLSPN,1
AXL,1
TENM1,1
DCAF10,1
HPCA,1
MTMR9,1
SP110,1
PRIM2,1
SPNS2,1
LPCAT2,1
MRGPRF,1
SLC9B2,1
DHX35,1
IFNA21,1
CCDC170,1
CXCL10,1
CDK2AP2,1
CA5A,1
IFFO1,1
CETP,1
KIAA0319L,1
SRSF8,1
CD1D,1
LRATD2,1
PLEKHG2,1
NHSL1,1
HIPK2,1
FCHSD2,1
FNBP1L,1
PAX4,1
COL4A2,1
GZMB,1
RHCE,1
GPR45,1
CES1,1
P2RY6,1
HLA-DQA1,1
GUSBP11,1
HOXD3,1
RSAD2,1
LCP1,1
INPPL1,1
LY6E,1
OXNAD1,1
STAT2,1
ST8SIA3,1
PJA2,1
KCTD3,1
PPOX,1
MAG,1
ACADL,1
TSPAN8,1
OLFML2A,1
ITK,1
SERPINE1,1
USP9Y,1
FCGR3B,1
FZD3,1
HASPIN,1
PIK3C2G,1
RBM14,1
PPIG,1
NFATC4,1
MIF4GD,1
COL9A3,1
ZNRF4,1
PODXL,1
PKD1L3,1
MMP3,1
EPHB1,1
KLRF1,1
CDH17,1
HPR,1
FABP6,1
FPGT,1
SH2D3C,1
INE1,1
SYF2,1
FAS,1
IL6ST,1
GAPVD1,1
RASGRP2,1
PELI1,1
CENPA,1
CLEC1B,1
MAP3K6,1
MARCHF8,1
PTCRA,1
CAMKK1,1
PHACTR3,1
BAG3,1
ANO1,1
NOC3L,1
AGR3,1
TG,1
RASSF4,1
CHL1,1
CETN3,1
TFEB,1
ADCY6,1
CCDC71L,1
C1QC,1
DDC,1
HBA1,1
POLR2J2,1
CSAD,1
BHLHB9,1
UFM1,1
CSRP1,1
TNFRSF19,1
GSTT1,1
NCOA2,1
MRPL3,1
SLC39A13,1
KATNBL1,1
OR2H1,1
EPB41L2,1
NUCB2,1
NUP50,1
SYT1,1
PCOTH,1
NEO1,1
PDE4DIP,1
HTR3B,1
KRT15,1
TMEM106B,1
LCE5A,1
SULT2B1,1
RBBP8,1
IGF2BP3,1
ADCY1,1
SLC16A10,1
CAVIN2,1
ERVW-1,1
IQCK,1
ASF1A,1
ID2,1
HLA-DRA,1
DIO2,1
CAPZA2,1
LIG1,1
EGFL6,1
CRYGD,1
HNF1B,1
PDLIM3,1
LATS1,1
PCYOX1,1
G0S2,1
LRRFIP1,1
C6orf58,1
TMEM35A,1
CKM,1
DNTT,1
RAB38,1
MLC1,1
IGLV2-14,1
SLC16A4,1
PTGER1,1
TUBB2A,1
MAB21L4,1
NSMCE2,1
CP,1
C8A,1
RNF125,1
PAQR5,1
CYP4F11,1
FAM182B,1
MFNG,1
FPR2,1
COPB1,1
DUSP14,1
CYRIA,1
OVOL1,1
UBQLN3,1
PGD,1
EEF2K,1
ZNF268,1
CCNE2,1
ACTN2,1
CNTNAP3B,1
UNC79,1
GLI1,1
RGS11,1
TSPAN13,1
LRRC14,1
MMP16,1
REM2,1
FGF6,1
CTTNBP2NL,1
STAT1,1
BPNT1,1
LILRA3,1
SLC12A3,1
DHCR24,1
SLC22A7,1
ERBB3,1
BACE1,1
GDF5,1
LPCAT3,1
VKORC1L1,1
UBE2H,1
CCDC121,1
CD5,1
RPL7,1
CEP170,1
NKX2-5,1
TCOF1,1
CBY1,1
GRIK1,1
TUBB1,1
ZNF750,1
TRAPPC8,1
TANC1,1
EVI2B,1
ARF6,1
SERPINB7,1
GK3P,1
DHODH,1
VPS13C,1
POLR3K,1
TNFRSF13B,1
PAM,1
SCGB2A1,1
B4GALT7,1
ANGPT1,1
PLCD1,1
TRIT1,1
TTI1,1
KIT,1
UNC50,1
GABPB1-IT1,1
VGF,1
CRNKL1,1
CBX1,1
STAG1,1
SBNO2,1
PEX11A,1
FRAT2,1
PCSK1N,1
CCDC68,1
SMARCC1,1
VAMP1,1
NLGN1,1
LRRC8E,1
PRMT8,1
UBE2G2,1
ZNF764,1
MLXIPL,1
LLGL2,1
APOBEC3B,1
SLPI,1
JAM2,1
HRG,1
ADGRB1,1
RUNDC3B,1
RASAL1,1
CD53,1
CILK1,1
THOC2,1
SPDEF,1
ZNF267,1
TRIM14,1
N4BP2L2,1
OR2F2,1
PSTPIP2,1
CASP8,1
LRRC31,1
MICU1,1
ADH6,1
TSPAN32,1
ZNF140,1
KCNJ1,1
KIF18A,1
GFRA2,1
IFNAR1,1
LSM14A,1
PLXNB1,1
PRDM8,1
LLPH,1
BSDC1,1
P2RY10,1
APOBEC3C,1
MSRA,1
SND1-IT1,1
F12,1
UBR1,1
RAB5C,1
PCDH12,1
HS2ST1,1
LINC01140,1
ZNF488,1
HDHD5,1
AMOTL2,1
HPCAL4,1
CASP10,1
EMP1,1
SYBU,1
MAOA,1
RYR1,1
NLGN3,1
OR2J2,1
CCL17,1
SFRP2,1
GZMA,1
JPH3,1
TNFSF18,1
CCNG2,1
NRXN3,1
ZNF343,1
CRIM1,1
STK33,1
LEMD3,1
WT1,1
SLC6A14,1
KCNJ10,1
PMFBP1,1
HOOK1,1
CLUHP3,1
KRTAP3-1,1
TBCE,1
RAPGEF5,1
PPP1R17,1
SLC16A6,1
RBBP6,1
CHM,1
OR6A2,1
QPRT,1
LMOD1,1
ELAVL2,1
PRCC,1
BTN2A1,1
SMIM14,1
ZNF646,1
RUFY2,1
DHRS11,1
PLCH2,1
ZFY,1
DHX34,1
HPGD,1
PLCB4,1
LMNA,1
MTAP,1
OR11A1,1
SERINC5,1
RAB40AL,1
FABP2,1
CLEC4M,1
MAPK14,1
NUDT11,1
RRAD,1
MRPL41,1
CSTA,1
SLC39A4,1
PDE12,1
CLEC3B,1
SGCE,1
NAA80,1
CLDN1,1
ECE2,1
TUBG2,1
TRO,1
ISL1,1
FBXO33,1
PPP1R3A,1
TRAC,1
CGREF1,1
POU2F2,1
EFHD1,1
ZNF253,1
CYBRD1,1
COPS4,1
CAMK2A,1
S100A6,1
EVI2A,1
HOXB13,1
THRB,1
FXR1,1
FOXA2,1
SHC1,1
ZMYND11,1
SHISA2,1
SLCO2B1,1
LGALS1,1
B4GALT3,1
NKAPL,1
FAM83E,1
AGFG1,1
KIF15,1
ACIN1,1
KLKB1,1
GINS4,1
MUC13,1
ID3,1
HLCS,1
INHA,1
NIBAN1,1
MAP3K5,1
PHF8,1
CNNM4,1
HSD17B1,1
TNFSF10,1
TNIP2,1
SERPINB13,1
SERTAD1,1
SEMA6C,1
THNSL2,1
PRKACG,1
MAGOHB,1
OR2W3,1
CD247,1
MARCHF2,1
TACR1,1
GFI1B,1
FAM117B,1
DPY19L1P1,1
IFNA16,1
ID1,1
WSB1,1
PRAMEF5,1
SLC8B1,1
IL17D,1
FOLR1,1
H2BU2P,1
RIMKLB,1
CCL20,1
GFRA1,1
RNASET2,1
NEB,1
ELMO1,1
ARL4D,1
IL22RA1,1
FKTN,1
GNAI1,1
HLA-DRB1,1
TNP1,1
EXOC5,1
MAD2L1BP,1
DNAJB9,1
GATA4,1
ATG3,1
AP1G2,1
ETV4,1
GK,1
PARVG,1
CCN2,1
CCIN,1
ADAR,1
LRRC17,1
THNSL1,1
MMP14,1
MYH3,1
PILRA,1
SH3BP1,1
ACBD6,1
TAS2R14,1
ARG1,1
ZNF33A,1
PGBD5,1
ZNF428,1
POLR1A,1
GALNT8,1
IL21,1
PDCD4-AS1,1
DST,1
BTBD3,1
BPGM,1
H4C5,1
AGO4,1
MRPL12,1
DMXL2,1
TESK1,1
ITIH5,1
BMP2,1
PDE10A,1
SOBP,1
CEACAM5,1
NDP,1
SLC28A3,1
CFAP410,1
ROCK2,1
TFCP2,1
TSPAN2,1
SCD,1
PKIA,1
DEFB126,1
ROR1,1
ENPEP,1
TTC33,1
PGAP1,1
FPR3,1
NUDT7,1
MBLAC2,1
NLRC3,1
IER2,1
CFAP20,1
IL2RG,1
LAMA2,1
PDZK1,1
GFM1,1
GGCX,1
NOVA1,1
NPIPB4,1
KALRN,1
RELB,1
ESPL1,1
TNFRSF9,1
FASTKD2,1
CDK5RAP2,1
SELP,1
SUCLG2,1
SEMA3F,1
TFF3,1
KRT85,1
C18orf32,1
CHRNB1,1
CHRNA7,1
DPP8,1
ALOX12P2,1
NF1,1
MCPH1,1
RBP4,1
NFXL1,1
SCG5,1
BMERB1,1
SLC3A1,1
GPR65,1
MTCL1,1
IMPG2,1
YDJC,1
ISOC2,1
PCBP3,1
SLC66A3,1
EDAR,1
ANKFY1,1
SELL,1
TGM2,1
BIRC6,1
ADPRM,1
C3orf18,1
PPP4R1,1
PAK1IP1,1
FETUB,1
ANGPT4,1
CAPN3,1
GABRD,1
PIGO,1
MYOZ1,1
WDR25,1
TCL1A,1
BCLAF1,1
TNKS,1
ANXA3,1
PRPF38B,1
GRB14,1
APBB1IP,1
NSUN2,1
SMC3,1
LMTK3,1
WWC2,1
SARNP,1
ATF2,1
SVIL,1
PTP4A3,1
C22orf31,1
KSR1,1
CPLX2,1
RBM8A,1
ANXA2P2,1
TRPC5,1
ZWILCH,1
NUP153,1
DDIT3,1
AGTR1,1
GOLGA2P10,1
NELL1,1
RDH5,1
DYSF,1
UNC119,1
TSHZ2,1
TRIM29,1
GTDC1,1
VPS33B,1
PASK,1
CDK6,1
SPTBN1,1
AMBP,1
SERPINI2,1
FRMD8,1
HOXA2,1
ANGEL2,1
LCOR,1
CEP83,1
DNAAF11,1
BRPF1,1
LRRC4,1
STEAP3,1
PDE6A,1
WDR18,1
CD3E,1
PRPF19,1
PBK,1
TMEM212,1
SYPL1,1
DDB2,1
HTR1E,1
LSS,1
NOL8,1
NOTCH1,1
DLGAP1,1
IL2RB,1
ATP1B4,1
NFKBIZ,1
OSTF1,1
BATF3,1
STK38L,1
TOP2B,1
SLC35E4,1
AFF1,1
DDA1,1
KCNA2,1
SCNN1A,1
BMPR2,1
PHKA1,1
LAMB1,1
MCM10,1
CC2D2A,1
OLFM1,1
ODAM,1
PRKG2,1
KCNK3,1
PPP1R10,1
TASOR2,1
MYF6,1
CLCN4,1
LPGAT1,1
HLA-E,1
CHST15,1
GTPBP8,1
CD55,1
ATP9A,1
GLA,1
BIRC3,1
EGLN3,1
FAM169A,1
LGR4,1
APOBEC2,1
MCHR1,1
ICMT,1
SNED1,1
COLQ,1
MYORG,1
GALNTL6,1
TYROBP,1
UAP1,1
CCDC34,1
SOAT1,1
MECOM,1
TOM1L2,1
RRN3P1,1
TUBB2B,1
SLC24A1,1
SCML1,1
ABCA12,1
SEMA3E,1
FMNL1,1
IFT20,1
SMR3A,1
WASF3,1
PITX1,1
CRELD1,1
RMC1,1
MIOX,1
RFNG,1
ATP8B1,1
SH2D1B,1
RAB11FIP3,1
MRPS11,1
AP1M2,1
CSE1L,1
CYGB,1
KRBOX4,1
PHB,1
KDM5A,1
TMEM123,1
HMGCR,1
SFRP4,1
PRKCQ,1
UBE2QL1,1
TMED5,1
SSTR3,1
CD40LG,1
SLC41A3,1
HOXA11,1
PPM1H,1
PRDM12,1
MAGEL2,1
ATP6V0E1,1
NKX1-1,1
HACD2,1
WASHC4,1
SLC43A1,1
TSC22D1,1
NSUN6,1
IGHM,1
ZNF324,1
DSG1,1
LLGL1,1
PRG4,1
ZADH2,1
TMEM106C,1
ALOX12B,1
PEX12,1
TRIM58,1
CYP27A1,1
CDK5,1
KLHL35,1
ITSN1,1
APBA3,1
TRPC1,1
C6orf15,1
SGCG,1
NR4A2,1
ABHD3,1
NUDT18,1
FKBP6,1
LY86,1
TMSB4Y,1
SLC11A2,1
PAFAH1B2,1
CYP2A13,1
VPREB1,1
KRT31,1
CBX3,1
KCTD12,1
RHCG,1
SART3,1
DGCR6L,1
C1orf105,1
ANKRD49,1
TIAM1,1
SLC7A14,1
TAS2R10,1
WIZ,1
WLS,1
ASPA,1
HILPDA,1
ABITRAM,1
OGG1,1
BICDL1,1
DBH,1
ALOXE3,1
RABAC1,1
OASL,1
MFAP2,1
PLSCR4,1
ALOX12,1
IL33,1
ST20,1
BMP3,1
FASLG,1
NAT9,1
P2RX3,1
CDIP1,1
GPR182,1
IL19,1
DSN1,1
C11orf52,1
EPB41L5,1
MAL,1
F10,1
C11orf71,1
GGT7,1
CYP1A1,1
DIRAS3,1
CTDSP1,1
CCDC87,1
SMG6,1
PCDHGC3,1
DHCR7,1
SMAGP,1
FUCA1,1
MAP3K19,1
KLF9,1
KANK3,1
VPS52,1
SERGEF,1
TRIM54,1
TBC1D1,1
NDFIP1,1
LMNB1,1
MSC,1
CLDN8,1
TPRG1L,1
EXO1,1
KCNIP2,1
RP2,1
SLC4A7,1
NPAS3,1
PCGF3,1
GUCA2B,1
EBPL,1
KCNAB3,1
RAB25,1
EPHX3,1
H2AJ,1
KIR2DS1,1
TXNDC9,1
AKAP8,1
IL15RA,1
TCP10L3,1
SFN,1
SPATA31A1,1
FRY,1
RIOX2,1
MFSD13A,1
HIGD2A,1
RNF41,1
TNFSF12,1
CD209,1
SP100,1
ESR2,1
TRIM24,1
ABCA5,1
CSRP3,1
BNIP3,1
EFNA5,1
CD7,1
PITX2,1
CDHR5,1
COL20A1,1
GSDMB,1
SMC4,1
THBD,1
SCGN,1
LIM2,1
TMEM45A,1
TTPAL,1
AMH,1
ABCA8,1
ALPL,1
PPM1D,1
POLA2,1
CD79A,1
C5AR2,1
APBB3,1
ERMP1,1
NSUN3,1
RTN1,1
USP53,1
PAK3,1
RXRB,1
HDGFL1,1
TFF2,1
ERN1,1
PRICKLE3,1
NR1I2,1
KIFBP,1
CCK,1
KCNQ2,1
SMARCD3,1
MGC4859,1
TENM4,1
PCDHA10,1
TET1,1
MRPL44,1
SLC25A45,1
CCN6,1
GPM6B,1
NAPSA,1
CYP21A2,1
KIAA1217,1
KDM4D,1
ACKR1,1
ARHGAP26,1
C20orf181,1
ALDH7A1,1
PCLO,1
SPINT1,1
TJP3,1
RASA3,1
SERPINI1,1
LIMK1,1
CXCL2,1
IFNGR2,1
LOXL1,1
UGT2B4,1
PWP2,1
SMURF1,1
RCOR3,1
NECTIN3,1
ARMC6,1
HTRA3,1
RNF25,1
ADGRA3,1
TRAPPC6A,1
CALML5,1
STX10,1
MAT1A,1
OTUD6B,1
GMIP,1
PMS2P11,1
SLCO3A1,1
PMP22,1
IGDCC4,1
ZZZ3,1
POGLUT1,1
FAM153A,1
CELA1,1
UCHL1,1
TBC1D17,1
GINS2,1
AURKB,1
SYT17,1
ERAS,1
MYBL2,1
YEATS2,1
POU3F1,1
DPT,1
KRTAP13-3,1
TRIOBP,1
MEX3D,1
FLT4,1
HS1BP3,1
CACNA1S,1
H2AC18,1
ATP1A3,1
ARID3A,1
TM4SF4,1
RARRES1,1
CMBL,1
CASP9,1
TNNC2,1
DYNC1I2,1
CLASRP,1
ARHGAP6,1
HDAC9,1
STAR,1
MAK16,1
DCAF16,1
TFEC,1
GNL2,1
LARP7,1
TENM2,1
TERT,1
LINC00588,1
LARP1B,1
DSC3,1
ACAA1,1
HSD17B12,1
MMRN1,1
SIGLEC6,1
PIK3CB,1
SLC25A15,1
MT1X,1
ASCL1,1
RNF43,1
RYR2,1
ATP2A1,1
AKR1B1,1
PNMA3,1
PLBD1,1
JAK2,1
DHRSX,1
DVL3,1
PDGFA,1
MYO5A,1
PRKRIP1,1
EEF1AKMT1,1
UBE2W,1
MED11,1
BCO2,1
SLC4A8,1
TGFBI,1
C3AR1,1
TBX5,1
EPSTI1,1
TNFAIP8,1
TBC1D2,1
ZNF550,1
GMPR,1
TBC1D29P,1
GNB3,1
PYCR1,1
TRAV38-2DV8,1
POSTN,1
ZDHHC1,1
DNAH7,1
GRIN2B,1
PNMT,1
BTBD2,1
STAU2,1
RASA1,1
ZFYVE16,1
LINC02239,1
GNLY,1
PLCH1,1
PRRC2C,1
LINC00293,1
PAGE1,1
CXCR6,1
GTPBP4,1
CD82,1
CASP6,1
CDX2,1
IFIT1,1
RAD54B,1
APOBR,1
PLET1,1
SOX3,1
HAPLN2,1
SELE,1
NOBOX,1
PDE6G,1
RASGRP3,1
ZNF185,1
ATP13A3,1
TMEM260,1
SYN1,1
NKX6-1,1
MEFV,1
ST6GALNAC1,1
MAP3K14,1
INSL3,1
GH2,1
PI15,1
CACNA1A,1
DLGAP2,1
NFIL3,1
MEP1A,1
SAMD9,1
TMEM115,1
SNCAIP,1
LPCAT1,1
SDS,1
SLC28A2,1
MTMR2,1
KDM4A,1
BBOX1,1
ABAT,1
MRNIP,1
NSMF,1
GNG3,1
CEP131,1
ENPP4,1
BTBD11,1
LRIG1,1
PSME2,1
KRT38,1
TRAF6,1
KNTC1,1
SALL1,1
SEMA5A,1
ZNF394,1
MAPK1,1
GNAT2,1
LMO3,1
IL20RA,1
ZP4,1
BRWD1,1
HOXD13,1
CDKN1A,1
ACTN4,1
MEF2A,1
NYX,1
ZNF248,1
SLC30A10,1
TMED9,1
QSER1,1
DNM1,1
CACNB4,1
ST6GALNAC3,1
HTR1A,1
SLC9A3R2,1
NPL,1
SEC63,1
EPHX2,1
HSD3B2,1
CFAP70,1
PDHX,1
ASIP,1
SLC12A4,1
ABLIM1,1
GNAT1,1
TMPRSS6,1
ATP8A2,1
TRAPPC5,1
OGDH,1
NCAM1,1
COL18A1,1
PROC,1
MNT,1
ABCF1,1
PLEKHA1,1
NUDT1,1
RAVER2,1
BCL2L11,1
GPER1,1
GRIN2C,1
PINX1,1
RDH11,1
CTAG1A,1
BCAT1,1
PSMC3IP,1
ENHO,1
YIPF3,1
KCNA4,1
ATP8A1,1
TRMT2A,1
DEFA4,1
SYT8,1
GLYAT,1
NCAPG,1
SKP2,1
ACTL6A,1
PRKCI,1
CYP3A5,1
SPON2,1
PTPN13,1
ENG,1
SLC22A5,1
C1QL1,1
WASHC3,1
DDX21,1
TRIM22,1
SHMT1,1
RGS1,1
CSAG2,1
SLC26A1,1
HTR3A,1
SHB,1
SNX29,1
AGTR2,1
FGA,1
FMO1,1
SPRING1,1
FANK1,1
SMR3B,1
RAI1,1
ART4,1
DIDO1,1
PCMTD2,1
ISOC1,1
PEAK1,1
CD14,1
IL36A,1
AP5B1,1
MAF,1
CACNG1,1
LINS1,1
TMTC2,1
MMP10,1
SETMAR,1
CDKN2C,1
POPDC3,1
KLF10,1
CDKN3,1
IRS1,1
SMG1,1
PTPRM,1
BMPR1B,1
HAUS1,1
TSC22D3,1
KIF2C,1
ANKRD12,1
DHRS9,1
HEXIM1,1
CENPU,1
NEUROD1,1
IL26,1
PTPRS,1
EXOSC7,1
KLRG2,1
FBXL18,1
QTRT2,1
CIB2,1
TYMP,1
LY6G6D,1
MPHOSPH9,1
SEMA6A,1
SERPINE2,1
AIMP1,1
VENTX,1
CCND1,1
CDH19,1
PPRC1,1
ACACA,1
PDE6H,1
TSPAN6,1
FAM172A,1
SCHIP1,1
ZNF688,1
REPS2,1
TNFRSF21,1
LSM14B,1
CA5B,1
CTSB,1
ZNF451,1
GPRASP1,1
ATP2B4,1
BSN,1
DDX3Y,1
TPTE,1
AFDN-DT,1
SNX21,1
SH3GL2,1
KEL,1
DUSP16,1
SLC7A5,1
HES3,1
TRIM47,1
NOTCH3,1
RFTN2,1
GEMIN2,1
ZNF281,1
CDA,1
CDR2L,1
PAN2,1
THBS4,1
PMS2P1,1
NTAQ1,1
IGF2BP2,1
FMO2,1
FGF2,1
FOSL2,1
GNAT3,1
CXCL13,1
KIF11,1
TSHR,1
RXRG,1
TRHDE,1
NAT8,1
RAI2,1
RAD54L2,1
FERMT1,1
PHKG1,1
CDKL5,1
SIGLEC15,1
RGL1,1
JAM3,1
GRAMD1B,1
PTPN22,1
SGK2,1
FMO6P,1
SVEP1,1
NRXN1,1
RIC3,1
RNF149,1
LUZP4,1
MRI1,1
BAG6,1
FMO5,1
TGM1,1
KCNMB3,1
DLK2,1
FAM186B,1
HSDL2,1
CCP110,1
DDIT4L,1
PDC,1
TCEAL2,1
MC5R,1
KIR3DL1,1
SLC25A51,1
BTG3,1
WDR43,1
TLR1,1
RRAGD,1
PSMB10,1
RHOD,1
RAD51B,1
FRMD4A,1
JUP,1
ITPKA,1
AOAH,1
BDKRB2,1
RPP40,1
EIF3C,1
MCF2L,1
PIGN,1
SH3BP4,1
CDKN1B,1
CKB,1
MAPK4,1
KLHL7,1
NEK7,1
MDK,1
PROM1,1
FTO,1
MACROH2A2,1
RNASEH2A,1
MATN3,1
SSBP4,1
RNF122,1
ITGAL,1
NIPSNAP1,1
ZNF160,1
SDCCAG8,1
SLC25A31,1
CADM3,1
PLK1,1
DNAJC12,1
TRPV2,1
NR0B1,1
NBEAL1,1
ZNF146,1
C1orf54,1
ARR3,1
MS4A1,1
SLC25A46,1
CXCL5,1
RPL34-DT,1
NENF,1
GOSR2,1
BFAR,1
VEGFD,1
PAGE4,1
DPH2,1
BCCIP,1
LDB2,1
TEF,1
ALDH5A1,1
MTSS2,1
RLF,1
KIR3DL2,1
KDM5D,1
NUTF2,1
NCF1,1
FOXD3,1
KAT5,1
ZNF117,1
TMBIM1,1
DIP2B,1
BCL2L1,1
GYPC,1
TBX1,1
RPS6KA2,1
TBL1Y,1
CATSPERG,1
MEN1,1
LY96,1
FN3K,1
IL7R,1
POU3F2,1
TTC39A,1
PRAMEF10,1
HSD11B1,1
MALAT1,1
TP53I13,1
ACTN3,1
DAB2,1
CCL19,1
NSMAF,1
TAGLN2,1
H3C1,1
ASGR2,1
PDCD2,1
FLOT1,1
ELMO3,1
NPY4R,1
TAF12,1
ZSCAN18,1
WDR91,1
ADRA2B,1
CTSH,1
SEMA6D,1
BHLHE41,1
BMP4,1
DCLK2,1
ATP6V0A4,1
MAGEH1,1
EPHB4,1
SYCP2,1
PRKN,1
CDH12,1
PACRGL,1
RGS4,1
ITGA9,1
IL5,1
SPOCD1,1
MFHAS1,1
IFNA7,1
MGAT4A,1
COG2,1
GABRB1,1
GUCY1A1,1
GABRA1,1
GPC4,1
CYTH1,1
TTC7B,1
NPIPA1,1
MRPS2,1
NUMB,1
CTSE,1
BMP15,1
ATP6V1B1,1
PDGFB,1
KCNG1,1
PLPP3,1
DEFB1,1
KLHL11,1
CD48,1
ZFHX3,1
FGFBP1,1
SLC16A7,1
ATP2A3,1
ZNF43,1
NIFK,1
CTSF,1
DLL3,1
COASY,1
TASL,1
H3C12,1
CORO1A,1
IPCEF1,1
SLC39A3,1
FXYD6,1
CASP5,1
LILRB4,1
CNKSR3,1
CARNMT1,1
ZNF436,1
CROCCP2,1
GP1BB,1
NTN1,1
NOTCH2NLA,1
MLANA,1
CEMIP,1
HTRA1,1
ARHGAP28,1
OSTM1,1
SLC2A5,1
ZNF799,1
VN1R1,1
ACSS1,1
E2F2,1
DYRK2,1
LILRA6,1
TMEM144,1
DOK1,1
TTC21B,1
TRMU,1
BARX1,1
RAB7A,1
RBKS,1
PLAAT3,1
COLEC10,1
HIRA,1
ZNF518B,1
HMHB1,1
EIF5A2,1
KCNA1,1
AQP6,1
GCNT4,1
CCL2,1
PIK3IP1,1
IL11RA,1
OPRK1,1
ITCH,1
GZMM,1
GTF2A2,1
ZFP62,1
NAT2,1
TARBP2,1
MAPT,1
ATG16L1,1
SESN1,1
FAM168A,1
TMCO6,1
TAAR2,1
KCNH7,1
ICAM4,1
KCNF1,1
PIP4K2B,1
ID4,1
TMEM92,1
FCER1A,1
RSPO2,1
SLC2A1,1
NPY1R,1
UPF2,1
MAPK11,1
GSDMD,1
CDH22,1
ORC2,1
YES1,1
GNAL,1
REL,1
ZNF219,1
CDH3,1
CTDP1,1
KIR2DL5A,1
ARHGAP4,1
IL17RB,1
ADAM15,1
SEPTIN6,1
NOL3,1
CIDEB,1
TIRAP,1
CD1C,1
HMGN3,1
SRD5A3,1
GJA4,1
POM121,1
MEGF6,1
DHFR,1
SETD1A,1
EPPK1,1
USP16,1
PALLD,1
ATM,1
EPB41L3,1
HELLS,1
TRAF2,1
IFI6,1
FUT10,1
PFKFB4,1
CDCA4,1
NKX3-1,1
EXOSC5,1
TBKBP1,1
GGTLC1,1
PLK3,1
AHSG,1
DGKZ,1
ANKRD40,1
FRS3,1
HOXC4,1
MTERF3,1
MMP7,1
TMPO,1
CTSK,1
IRS4,1
AKR1C3,1
ZC3HC1,1
PTCD2,1
GALNS,1
STAG3,1
USP33,1
LRCH1,1
PLEKHJ1,1
CCDC26,1
CRYGC,1
AKIP1,1
TUBB3,1
SDR16C5,1
HYAL3,1
PIK3R1,1
OR10J1,1
CTAG2,1
TUFT1,1
OXSM,1
POLL,1
FTH1,1
C10orf95,1
NOC2L,1
CAMP,1
WNT3,1
DPEP1,1
SIM1,1
PDSS1,1
GIMAP6,1
SLC29A1,1
MED4,1
GRID1,1
PHOSPHO2,1
BEST2,1
SHCBP1L,1
IFIH1,1
MOBP,1
PLAT,1
LMNB2,1
AMDHD2,1
GPRC5D,1
DEFB4A,1
NDUFA13,1
CDKN1C,1
ISG15,1
DTNB,1
SAT1,1
ZNF556,1
SOAT2,1
PRELID3B,1
ALDH1B1,1
FTCD,1
CWC22,1
IRX1,1
OGA,1
ITGB2,1
ST8SIA4,1
SPDYE1,1
CYP2A7,1
LAMA1,1
TM4SF20,1
HLA-DPB1,1
GLUL,1
CYP27B1,1
RARA,1
TAF9B,1
MKI67,1
H1-0,1
OPN1SW,1
RETN,1
EPB41L4A-AS1,1
PSIP1,1
ZBED8,1
SYTL2,1
DPM3,1
PRODH,1
SLC17A4,1
RECQL4,1
ABTB2,1
EXD3,1
RHD,1
ARPC3,1
PPP2R5B,1
MOCOS,1
ACADVL,1
ITGA3,1
RIMS2,1
YTHDF3,1
ADGRG1,1
DEPP1,1
SLC12A8,1
ZFAS1,1
ADAM2,1
KMT2D,1
PCDH19,1
SLC26A8,1
FOXH1,1
PDGFRB,1
KCND1,1
ARNTL,1
PEG3,1
HAS1,1
IRAG2,1
RUNX3,1
TXLNGY,1
RIMS3,1
SCML2,1
ENAH,1
RAB11FIP2,1
PKD2L1,1
SMYD5,1
TAF15,1
CHAC1,1
GABBR1,1
CCDC174,1
SLC14A2,1
HOXD11,1
HES1,1
SOX21,1
CCDC187,1
SEMA3B,1
TSPYL1,1
GNPTAB,1
AAAS,1
ENO2,1
REC114,1
HCN2,1
CLEC16A,1
UGP2,1
GAS2,1
ADGRD2,1
GKN1,1
PPP2R3A,1
USP5,1
JDP2,1
PACSIN3,1
TRA2A,1
TLR7,1
H3C4,1
STX7,1
CRYGA,1
IDNK,1
ERG,1
MUC5AC,1
SYNGR3,1
FOXN3,1
ZNF480,1
CBR4,1
EXOC1,1
CXCR3,1
KCNQ1,1
KPNA3,1
USP9X,1
CCDC90B,1
CXXC1P1,1
CEBPA,1
MUC16,1
PDK3,1
H1-2,1
SLC25A23,1
AGT,1
CAND2,1
RPL18AP16,1
TPM1,1
TLR9,1
OPCML,1
UPK3B,1
MAPK6,1
EZH2,1
EPM2AIP1,1
KLK12,1
TBRG4,1
FCGR2B,1
CBLC,1
ZNF154,1
LBP,1
MDM4,1
GAD2,1
FSTL1,1
PDE3A,1
MAP4K4,1
TLE3,1
C3orf14,1
PTPRC,1
THBS3,1
ZFP36,1
APOE,1
IRF4,1
NCOA6,1
MED23,1
RRP9,1
C1QTNF6,1
SOX1,1
FMNL2,1
ENPP1,1
CNTN1,1
SLC25A1,1
MYO5C,1
ANGPTL4,1
HTR1B,1
TRAF3IP2,1
EFNA2,1
MARCKS,1
TDGF1,1
SLC17A1,1
XAGE2,1
FBXO40,1
ARMCX5,1
DAZL,1
TCIRG1,1
ARL4A,1
FAM234B,1
KIAA0040,1
SPAG11A,1
COL26A1,1
CNR2,1
EXOC3,1
RNF227,1
SEZ6L,1
UBXN4,1
IRGC,1
VPS54,1
THY1,1
IFITM10,1
APOBEC3G,1
KAT6B,1
KRT13,1
CYSLTR2,1
SPG21,1
CXCR2,1
AKR1C1,1
ACP3,1
HLA-DQB1,1
DSC1,1
PRR19,1
PTPRVP,1
DNAJC30,1
FGF21,1
OXT,1
METTL5,1
NFKBIE,1
STARD3,1
SAP30,1
H2AC8,1
GADD45GIP1,1
WWOX,1
BHLHE40,1
PLLP,1
FADS3,1
MYH11,1
EIF3J,1
LIMCH1,1
RALY,1
RCAN2,1
VEGFA,1
ERVH48-1,1
KIF3A,1
CALCR,1
MYSM1,1
ZNF280C,1
CACNA1I,1
TRAPPC14,1
PAQR7,1
PCDHGA3,1
TERF2,1
C2CD2L,1
SLC30A3,1
POLD4,1
CXCL16,1
METTL16,1
SCAF4,1
RMND1,1
OGFRL1,1
NOP16,1
PLEKHA4,1
FZD8,1
MTHFR,1
AMPH,1
GPT,1
MRM1,1
DCP2,1
CCDC88C,1
GSR,1
URB1,1
CYP46A1,1
LTC4S,1
H2BC8,1
DENND2D,1
SENP7,1
FLRT3,1
H2AC17,1
DENND1C,1
OLIG2,1
INCENP,1
APBB2,1
CLCN7,1
ADAM11,1
SV2A,1
DCAF13,1
GOLGA2P5,1
HELB,1
CYB561D2,1
TBC1D2B,1
AKAP12,1
FCGBP,1
NAA35,1
TLR5,1
HSPA13,1
ZBTB10,1
AGAP2,1
GLRA2,1
MRPL18,1
ADM2,1
DGKB,1
RBP7,1
NHLH1,1
SERHL,1
PPFIA2,1
OLFM4,1
TMEM186,1
ASPHD1,1
CDK11A,1
SH3GLB2,1
COL8A2,1
COBLL1,1
EAF2,1
CD72,1
SYNJ2,1
OR10H1,1
CDC42EP2,1
DMRT1,1
B3GALNT1,1
LGALS7,1
GDNF,1
FARP2,1
CORO7,1
PI3,1
DKK3,1
SGCD,1
CCDC28A,1
BTN3A3,1
GOLGA2,1
ANKRD36B,1
ARAF,1
PDE7B,1
CDK8,1
KLF8,1
HLA-DOA,1
ACTA2,1
NCF4,1
CARF,1
ACKR3,1
EZR,1
SGPP2,1
FAM110B,1
ZNF529,1
PBX1,1
MBNL3,1
RACGAP1,1
BAAT,1
LINC00937,1
TRIM52,1
MDFI,1
FLCN,1
NEDD4L,1
MXI1,1
PPBP,1
CCDC6,1
ADCY4,1
F3,1
NMRK1,1
COL1A2,1
CWH43,1
SLC26A3,1
DPYS,1
ARHGAP32,1
OR1F1,1
NALF2,1
ABCB9,1
HYAL4,1
E2F8,1
TMEM250,1
WDR5,1
PYY2,1
TAGLN3,1
C11orf80,1
FMR1,1
TECTA,1
CTSLP3,1
ZNF362,1
TMSB4X,1
SQLE,1
RHOV,1
GNL3L,1
MAS1,1
THOP1,1
C16orf89,1
DXO,1
RND1,1
SLC4A5,1
GBP4,1
PRR7,1
PBX4,1
PRKDC,1
GLYCAM1,1
ZNF292,1
KIF16B,1
MOCS2,1
NUAK1,1
ERF,1
CALM1,1
NUP205,1
LMAN2,1
CDH7,1
RUSC1-AS1,1
MYBPH,1
MOK,1
H1-4,1
COL9A2,1
DMD,1
CLIP1,1
MON1A,1
HNF4G,1
PLA2G4A,1
ABCC2,1
PPP1R1A,1
TFIP11,1
RPL37A,1
SLC24A3,1
AP1AR,1
NDST3,1
CPA3,1
MACROD1,1
OR1D2,1
CYP4F12,1
EN2,1
ABI3BP,1
IL17A,1
PSME4,1
TBC1D31,1
VIPR2,1
CSF2,1
ZPBP,1
SMPD2,1
RNLS,1
FKBP9,1
BTN3A2,1
NRP1,1
CAMK4,1
SLC4A4,1
TAS2R7,1
FAM215A,1
WDR33,1
IPO5,1
FRS2,1
ADA2,1
PSME3,1
ZSCAN9,1
OGDHL,1
TTC23,1
SSX3,1
HSPA5,1
PAPPA,1
GSDME,1
SRGAP2C,1
SARS2,1
TOLLIP-DT,1
COPZ2,1
SCARB1,1
MSRB1,1
HBEGF,1
CYP7B1,1
LOC730101,1
XCL1,1
DEFA6,1
GNG12,1
RRM2,1
IFI16,1
PROS1,1
FZD6,1
GCLM,1
TOPBP1,1
LAMTOR3,1
LIN7B,1
PRDM11,1
UGT2B7,1
H2BC10,1
MFSD6,1
TRAPPC3,1
NT5DC2,1
NXT2,1
SLC35D1,1
VPS50,1
BDH1,1
ENDOG,1
NFASC,1
CA6,1
THUMPD1,1
RABEP2,1
MTA1,1
TRH,1
SENP6,1
DELE1,1
HMG20A,1
EDRF1,1
TPM3,1
GPR68,1
STARD8,1
CTNND2,1
H3C8,1
SLC31A1,1
ALAD,1
ST3GAL1,1
BET1,1
FABP7,1
BCL3,1
HMGA2,1
LILRP2,1
DENND4C,1
GCNT3,1
CRHR2,1
SH3YL1,1
RTKN,1
PDYN,1
MTIF2,1
COL10A1,1
PDK4,1
FUT4,1
MT4,1
CNTRL,1
SSTR5,1
VSIG2,1
HLA-DMB,1
AGPAT3,1
NRGN,1
EIF2S3,1
MAGI2,1
SPRY2,1
HJURP,1
RORC,1
THBS2,1
MTUS2,1
UCP3,1
GRM1,1
MANEA,1
PHF11,1
DDIT4,1
GCM2,1
CLIC5,1
TWF2,1
TENT2,1
FGD6,1
BANK1,1
SLC27A3,1
SPINK2,1
OCA2,1
DFFB,1
SRR,1
CHMP2B,1
ALDH4A1,1
FZD7,1
RETREG3,1
DUSP4,1
KIF21B,1
ART5,1
PBX2,1
VASH1,1
APC2,1
DLX2,1
SLC18A1,1
RASGRP1,1
B9D2,1
TYR,1
RGS5,1
IARS1,1
STAT4,1
SLC38A1,1
TEK,1
GATA1,1
LRRC37A2,1
PCGF2,1
CLDN23,1
CD27,1
OXCT2,1
NCAPH,1
SAMD4B,1
GUCA1B,1
ARHGAP35,1
C14orf132,1
SMPDL3B,1
HLA-A,1
ARNT,1
G6PC1,1
PENK,1
ST14,1
RNF139,1
RPRM,1
H2BC21,1
CCDC51,1
GDA,1
BLNK,1
ANK3,1
EIF4E3,1
NFATC2,1
CXCL3,1
DENND5A,1
ANXA11,1
ATP1B1,1
ANKRD33B,1
WASF1,1
NNT,1
PTPRCAP,1
HHLA3,1
SLC5A5,1
CD200,1
PLK2,1
CLDN9,1
GPR162,1
STEAP4,1
LOXL2,1
WBP2,1
VIL1,1
STRBP,1
PRSS16,1
ZNF628,1
GINS3,1
KTI12,1
SLC9A7,1
POU2F3,1
WDR76,1
MZT1,1
PRSS12,1
FAM106A,1
ASPM,1
TP73-AS1,1
GRB7,1
UGCG,1
H2AC15,1
ENO3,1
KIF14,1
FZD10,1
ITGB6,1
FAHD1,1
ADAM10,1
MME,1
NPR1,1
RAD51AP1,1
WSCD2,1
SMAD5,1
FOLH1B,1
COL19A1,1
PITX3,1
SULT1C2,1
WFIKKN1,1
TRAF3,1
LRRC37BP1,1
TFAP2B,1
TRIM41,1
TCF15,1
SHF,1
RET,1
NUFIP1,1
PPP2R3C,1
HOXA7,1
LINC00173,1
TGFB1I1,1
HSPA1B,1
KL,1
STXBP5L,1
ADGRE1,1
DNAJC24,1
RNF2,1
RTN4IP1,1
MS4A6A,1
GRIP2,1
RAB5B,1
HSPBAP1,1
MN1,1
PCSK1,1
HS3ST3A1,1
ARMC2,1
RCBTB2,1
SF3A2,1
PNP,1
KIF1A,1
ATXN7L3,1
NAP1L1,1
ZIC4,1
SLC19A3,1
TMSB15A,1
VAV2,1
CSGALNACT1,1
ZNF629,1
TTLL1,1
MPI,1
TPRA1,1
TEX19,1
SPSB2,1
DPF1,1
SLC1A3,1
HSPA6,1
RNF220,1
PADI2,1
SLC17A5,1
GPR19,1
CERKL,1
PRPF6,1
NOS3,1
HERC6,1
CENPB,1
HLA-DQB2,1
RMI2,1
MSH2,1
SEMA7A,1
MAD2L1,1
METRN,1
ANO7,1
SRPRA,1
NDC1,1
KCNJ16,1
CNN2,1
DYNLL1,1
TNFRSF11B,1
RASIP1,1
ZNF112,1
USP47,1
SLC9A3,1
XPR1,1
CCNT1,1
SNX7,1
NFIB,1
MAMLD1,1
CAPG,1
CDKN2A,1
TUBB6,1
TBX19,1
ROM1,1
FHIP2A,1
PTPRE,1
ZNF695,1
ZNF221,1
UBR3,1
KATNB1,1
EFR3A,1
CEP41,1
CCDC125,1
LRRC34,1
RAB9BP1,1
OFD1,1
SCO2,1
PLSCR1,1
ZNF239,1
CAPN12,1
SLC26A4,1
CRHBP,1
LRRK2,1
NTF4,1
SRRM2,1
TMA16,1
NRARP,1
SEPTIN4,1
RASSF8,1
RRN3,1
MSI1,1
SERPINB8,1
UHRF1BP1L,1
HLA-DOB,1
SH3BP5L,1
PDPN,1
MTR,1
CKMT1A,1
KIF20A,1
HSPB6,1
CCL13,1
GPR37L1,1
PIH1D1,1
JADE2,1
NRCAM,1
JUN,1
GIMAP3P,1
RASL10A,1
PIGW,1
ZCCHC14,1
KLHDC8A,1
PMS1,1
EXOC2,1
BAIAP2,1
FTCDNL1,1
NDUFA5,1
TMEM59L,1
LHX6,1
NCF2,1
PGLYRP1,1
HERC5,1
TAGLN,1
PDE9A,1
SLC1A5,1
GTF3C5,1
MPC1,1
MICAL1,1
CYP11A1,1
SAA3P,1
PPP2R5C,1
ZSCAN16,1
PIK3AP1,1
TRIM25,1
SLC47A1,1
XDH,1
BEST1,1
ALG13,1
ZDHHC23,1
RNASE2,1
IFI30,1
PHGR1,1
VEGFB,1
BTN3A1,1
ZNRD2,1
ACADS,1
KIF22,1
CAPRIN2,1
FCGR2C,1
CXCR1,1
TTC38,1
CFTR,1
DPEP2,1
CHRNG,1
DNAJB4,1
BMP1,1
SOX4,1
ANKRD6,1
SMPX,1
FER,1
BCL7B,1
FBXO24,1
CASQ2,1
FAM50B,1
ITPR1,1
PRADC1,1
PCBP4,1
RAB24,1
LANCL1,1
SAMD10,1
TOX,1
LRRTM2,1
AKR1B10,1
TNFSF15,1
NFKB1,1
SOX9,1
MGA,1
SERPINB2,1
ERO1A,1
PHYH,1
SPC25,1
RPS6KB2,1
FOXB1,1
RAMP1,1
MYBL1,1
TP73,1
MTRES1,1
RHPN1-AS1,1
LMAN1L,1
REX1BD,1
KCNJ4,1
MCUB,1
SERPINB3,1
ATP6V1G2,1
PIM2,1
CHODL,1
TCAP,1
DDX60L,1
COQ8B,1
PHC3,1
RABEPK,1
ERMAP,1
ATP4B,1
TAF4,1
ERC2,1
ANKMY2,1
SLC22A1,1
RAB27B,1
FICD,1
MSRB3,1
DOP1B,1
ANGEL1,1
FBXO27,1
TULP2,1
PNPLA3,1
CARS2,1
NPHS2,1
MTRF1L,1
NPAS1,1
CRABP2,1
PHLPP1,1
SNAPC1,1
LINC00928,1
IGHV1-69,1
ANK1,1
SMPD3,1
CD99L2,1
TNNT1,1
CLDN10,1
MYB,1
PBOV1,1
FLNB,1
CAVIN1,1
WDR45,1
C4BPB,1
KCNV1,1
XRCC1,1
CXCR4,1
ADAM8,1
BRCA2,1
RNF152,1
ARHGAP12,1
ADAM9,1
MS4A2,1
CDC42EP3,1
TTLL3,1
UPK2,1
BRME1,1
PTPRF,1
CLPB,1
WDR47,1
GP9,1
IGFBP3,1
GPR3,1
TMEM79,1
DNAJC15,1
SLC35A1,1
SEMG2,1
RAB3GAP2,1
HMGB3P30,1
MOGAT2,1
HRH3,1
CLIC1,1
E2F6,1
ENDOD1,1
SNAPC4,1
SNORA28,1
CCAR2,1
DYNLT3,1
GNA14,1
HSPA12A,1
NGFR,1
IL4,1
CCT8L2,1
GGCT,1
E2F5,1
IL13RA1,1
SNAP23,1
GPD2,1
ERCC6L,1
AMPD2,1
TNIP1,1
NEK1,1
CRISP2,1
UGT2A3,1
OTUB2,1
MPPE1,1
RASSF1,1
GATA6,1
RPGR,1
DUSP10,1
PINK1,1
SPATS2,1
POLD2,1
SNN,1
RECQL,1
UPK1A,1
ACSBG2,1
NUMA1,1
STAMBP,1
PRRX2,1
PC,1
UXT,1
NEFL,1
RAB9A,1
NID2,1
BTC,1
KCNS1,1
PRKX,1
CRABP1,1
RXYLT1,1
PUM3,1
IL12RB2,1
RSPH6A,1
THAP9,1
OVOL2,1
SNX10,1
CHML,1
CYTH4,1
NR5A2,1
CCDC80,1
LCE2B,1
DGKE,1
CA4,1
ZNF446,1
TACR2,1
NR1H4,1
MICALL2,1
DCC,1
AMIGO2,1
BICD1,1
RRP12,1
CLEC2B,1
GCGR,1
KLHL25,1
C1R,1
TRAF1,1
RXFP1,1
CEND1,1
TLE4,1
NPPB,1
MXRA8,1
SIDT1,1
BANF2,1
MINPP1,1
KRT2,1
PARG,1
DUSP6,1
CEP152,1
KBTBD11,1
N4BP2L1,1
NEDD4,1
AARS1,1
PODN,1
FXR2,1
ITGB1BP1,1
ZNF430,1
STARD3NL,1
BEX4,1
ZHX2,1
ERAP2,1
ADGRL1,1
KRT1,1
GCC2,1
LYRM4,1
IGF1,1
WNT5B,1
GBP1,1
UBN2,1
PHOSPHO1,1
SSTR2,1
DOCK2,1
FXYD2,1
FANCF,1
SLC27A2,1
COL3A1,1
PLTP,1
PLEKHA7,1
DPH1,1
EHHADH,1
COIL,1
KRTAP4-7,1
SLC29A2,1
SLAIN1,1
TMEM187,1
DLC1,1
IQCF1,1
RLBP1,1
TMPRSS5,1
PTDSS2,1
SH3GL3,1
ZBTB32,1
L2HGDH,1
SLC25A47,1
PROX1,1
TCIM,1
GRN,1
CPED1,1
WDR26,1
NUDT6,1
LDLR,1
LINC00662,1
MAP4K3,1
RPA4,1
DPYD,1
WRN,1
SOD3,1
UPB1,1
CWF19L1,1
TIGD1,1
CA3,1
CD300C,1
FGF9,1
TRPM2,1
LCAT,1
PTER,1
CXADR,1
ZNF133,1
ZNF557,1
PLA2G2A,1
TNFAIP3,1
ARHGAP29,1
ARL15,1
PSG7,1
SLC44A1,1
ARL3,1
AUNIP,1
GBA,1
CLK1,1
PSG3,1
SLC25A44,1
SLC6A4,1
ACOXL,1
ZNF385A,1
ZNF771,1
NOXO1,1
SH3BGRL,1
SERPINF1,1
BDKRB1,1
RBBP5,1
STMN3,1
IL36G,1
SYP,1
CCR10,1
MBNL2,1
DCAF1,1
CDH11,1
SLC30A1,1
SERPINA10,1
CAP1,1
ALDH3B2,1
ATP6V1A,1
LTBP3,1
MIS18BP1,1
SCN9A,1
C1orf68,1
INAVA,1
KLHL3,1
OR10H2,1
TRPC6,1
RANBP6,1
PCP4,1
LPAR6,1
PAQR6,1
ZNF107,1
SCAMP1,1
SIX1,1
CUX2,1
CHD8,1
PHOX2B,1
CRYM,1
ZFYVE1,1
DIXDC1,1
TRAF7,1
PLA2G12A,1
OMD,1
CCR8,1
ITPRID2,1
GAL3ST3,1
CPOX,1
ZNF432,1
MRAS,1
CADM1,1
LZTFL1,1
LNPEP,1
MBOAT1,1
ZNF236,1
TACR3,1
HLA-DPA1,1
KMT2E,1
STX2,1
NEURL1,1
PTPRO,1
SLC46A3,1
KRT24,1
EML1,1
GUCY1B2,1
HK3,1
ECHDC3,1
BACH1,1
CRYBA1,1
EEF1A2,1
BCL2L13,1
AKR1E2,1
HPS1,1
PAPLN,1
KLF15,1
BARX2,1
TSFM,1
AQP3,1
CDCA8,1
GPR83,1
NAGPA,1
RPL13P5,1
TMEM140,1
STOM,1
ACADM,1
YPEL1,1
BORCS6,1
NPR2,1
ETNPPL,1
CRX,1
OCLN,1
GCK,1
MYO1E,1
AOPEP,1
TC2N,1
SEMA3A,1
FZD2,1
RAMP2,1
PPY,1
NR3C2,1
HBP1,1
MPIG6B,1
ZBED5,1
PMEL,1
PCDHB1,1
LYVE1,1
ARHGAP5,1
NEFM,1
TPTEP1,1
TNFSF11,1
UTF1,1
APOC1,1
PPIL4,1
AVL9,1
DISP2,1
MEPE,1
FZD4,1
DPY19L2P2,1
LCA5L,1
USP2,1
JCHAIN,1
GDE1,1
NCL,1
SIM2,1
SH3PXD2A,1
CLPX,1
HSPB8,1
CFAP44,1
ACSS3,1
ADORA1,1
RGR,1
MAP2K6,1
PISD,1
PPP4R3B,1
APOB,1
PRDM14,1
CHEK2,1
CLIC4,1
HEATR5A,1
ADAM12,1
CAMK1,1
LMO1,1
ANKMY1,1
EREG,1
CST9,1
OSBP2,1
HSD11B2,1
SAA4,1
LBR,1
FAM118B,1
ZBTB8A,1
STXBP3,1
GJC2,1
FBXL14,1
CCKBR,1
ATIC,1
PHYHIP,1
OXTR,1
TSPO2,1
IL7,1
MTMR11,1
GPAT2,1
YLPM1,1
CYB5B,1
PLIN2,1
TNPO2,1
ESRP1,1
AIPL1,1
FRMD4B,1
PARP12,1
CLP1,1
VWA5A,1
TXLNA,1
CBLL2,1
CCNB2,1
NLRP8,1
OSR2,1
MRTFB,1
AMELX,1
NUP43,1
RNF115,1
CEACAM1,1
SLC2A2,1
VDR,1
ATMIN,1
MAML3,1
NAMPT,1
KRT23,1
DLK1,1
CARD9,1
KLHL29,1
SNX32,1
KTN1,1
SLC15A2,1
XGY2,1
ECPAS,1
KRT75,1
SP2,1
DECR1,1
DNAJA1,1
TENT5A,1
FRAS1,1
HOXD1,1
GPR37,1
HSD17B3,1
MIA,1
KLF3-AS1,1
GNAI2,1
ATP6V1D,1
RAB33B,1
ALDH9A1,1
HNF1A,1
URI1,1
CC2D1A,1
MRAP,1
ZFP36L1,1
CALY,1
ONECUT2,1
RAP2A,1
H2BC5,1
ARPC2,1
SCUBE2,1
NOS1,1
RNF138,1
EPHB6,1
LRP4,1
CEBPB,1
IL13RA2,1
RNF5,1
COL21A1,1
C9orf72,1
EMID1,1
RNF44,1
VPS8,1
P4HA1,1
SLC7A7,1
LINC01124,1
EHMT1,1
SLC26A2,1
ZNF202,1
CERT1,1
NEU3,1
NAV3,1
ZBTB21,1
NPY2R,1
TARBP1,1
ZBED3,1
CHPT1,1
SCCPDH,1
TMED3,1
MBD4,1
SGK1,1
BAZ1A,1
UBD,1
UFSP2,1
PTGIR,1
BIRC2,1
FRMD1,1
H1-10,1
C1orf115,1
GAMT,1
CTRC,1
HSPA1A,1
POLG2,1
TCAF2,1
IFITM1,1
ACAA2,1
NIN,1
GSN,1
MFSD4A,1
TNC,1
SMAD6,1
C16orf74,1
IRX4,1
CYFIP2,1
SCAF11,1
RUFY1,1
CNN3,1
POU4F2,1
CBLL1,1
HCG9,1
CD1B,1
MS4A12,1
CRH,1
NARS1,1
SPTBN4,1
SLC4A2,1
FABP4,1
KCNMB1,1
FAM209A,1
PLA2G10,1
WNT4,1
PSMB9,1
NXF2,1
ASIC1,1
HES6,1
RMDN3,1
EIF2S2,1
CCDC134,1
ETS2,1
PLXNB3,1
QTRT1,1
PALD1,1
DNAJC9,1
C3orf70,1
MFSD5,1
NBEAL2,1
KHDRBS2,1
AOC2,1
ADGRB2,1
CELF4,1
RITA1,1
IL1R1,1
NTRK2,1
SCN10A,1
RAG2,1
COL11A2,1
PPIL2,1
SUOX,1
GALNT5,1
YJU2B,1
MYH7,1
WDR46,1
PNRC1,1
CYB5R1,1
DLEC1,1
HAS2,1
LRRC1,1
PEX11B,1
SRD5A2,1
H2BC14,1
PLAU,1
SLC28A1,1
NUB1,1
SUSD6,1
IL25,1
RREB1,1
SH3D19,1
CCDC85B,1
ANXA10,1
OCEL1,1
STAT5A,1
NDUFAF1,1
TMEM19,1
ACVR2A,1
ODF1,1
BRDT,1
FAT2,1
BACE2,1
STK4,1
CEBPG,1
ENTPD5,1
PTGER3,1
XRCC4,1
DRD4,1
FBXL8,1
SLC35G3,1
ODF2,1
NCBP1,1
APCS,1
FLT3,1
SIPA1,1
ZNHIT6,1
PCSK7,1
DEFA3,1
GNAQ,1
KIAA0408,1
TIA1,1
CIZ1,1
DGKQ,1
KDM5B,1
TRIM10,1
TYW5,1
DYNC2LI1,1
SLC24A5,1
PEX7,1
BBS2,1
H2AC13,1
KLK10,1
PRKAR1A,1
CASC3,1
AGRP,1
ENTPD2,1
EOGT,1
EIF3CL,1
WNT9A,1
TRPM4,1
POLM,1
PTH1R,1
CLCN1,1
PSD3,1
C10orf99,1
C3,1
GAS2L2,1
SAC3D1,1
DNAJC16,1
MMP11,1
THAP10,1
KANK1,1
FAM189B,1
RUNX1T1,1
CR2,1
MFSD2A,1
SOX11,1
H3C3,1
FMN1,1
RAG1,1
SPTB,1
PRSS21,1
CLDN17,1
DUOX2,1
APOBEC3F,1
LIPF,1
LPL,1
PFKM,1
MTHFS,1
TRGV7,1
APOC2,1
MYO7B,1
NPC1L1,1
TBC1D22B,1
CD68,1
SLA,1
CEP55,1
ZNF782,1
STMP1,1
MRPL55,1
SLC49A3,1
PPP2R1A,1
ADAM7,1
JARID2,1
HP1BP3,1
ZWINT,1
SPRR2C,1
DNAJB1,1
FLNA,1
PECAM1,1
S100A7,1
FES,1
MS4A3,1
PRH1,1
IGF2-AS,1
TNFRSF11A,1
FDPS,1
GNA15,1
TMEM266,1
WTAP,1
APOOL,1
BTD,1
MYO1C,1
MESP2,1
CD19,1
GLIPR2,1
BMX,1
MUSTN1,1
PDE6B,1
SP140L,1
GIT2,1
TPM2,1
CLTCL1,1
CHIC2,1
RBM4,1
SIAH2,1
PLA1A,1
RGS16,1
RPL39L,1
TCF7L1,1
MYH2,1
ERCC4,1
ZNF549,1
SLC1A6,1
ORAI2,1
AP3B2,1
SOX15,1
UBA7,1
BAG1,1
CAMK1G,1
MGAT4B,1
FGF18,1
ETNK1,1
DYRK1B,1
NID1,1
MAPRE3,1
DACT1,1
SOCS7,1
ANGPTL7,1
ALPI,1
CYP1A2,1
CCDC86,1
NLGN4Y,1
SLC25A39,1
SLC39A14,1
CAMLG,1
PES1,1
ZDHHC6,1
MUC3A,1
LRRC23,1
KLRK1,1
DPP4,1
TOM1,1
EEF2KMT,1
TUBAL3,1
SNTB2,1
NUCB1,1
FAM214B,1
MAB21L1,1
LXN,1
DERA,1
C7,1
ACAP1,1
ADIPOR2,1
AXIN2,1
NDOR1,1
STIL,1
HYMAI,1
GPR171,1
TUBA4B,1
METTL1,1
CALCA,1
SMARCD1,1
GPR137B,1
EMB,1
OSMR,1
PCYT1B,1
B3GALT5,1
TNFAIP2,1
EIF6,1
NPY5R,1
KRBA1,1
SEC24C,1
MCM3AP-AS1,1
FDFT1,1
STUB1,1
ABCA1,1
STS,1
MAB21L2,1
CEP295,1
PLXND1,1
CFI,1
HIBADH,1
STC1,1
TUT1,1
UGT8,1
EXOC4,1
ICE1,1
PPP1R3C,1
ENTR1,1
GLE1,1
S100A9,1
PADI1,1
RARRES2,1
ARHGEF26,1
CDC25A,1
INPP5D,1
CCN1,1
SLC43A3,1
DUXAP10,1
RSRP1,1
MED29,1
ALG1L2,1
DDX49,1
RBMXL2,1
CELF1,1
MIR124-1HG,1
CHRM2,1
WDR75,1
BLM,1
CAPN9,1
CCDC106,1
PSPC1,1
CHCHD3,1
CITED1,1
KRTAP2-1,1
FBXO5,1
BSPRY,1
CRYL1,1
SEMA6B,1
CADPS,1
KCNIP1,1
MAP3K20,1
MAML1,1
ARHGEF10,1
ISCU,1
LRP5L,1
MCL1,1
CYP2E1,1
RGS20,1
LTA,1
ZNHIT2,1
ST3GAL5,1
STX1A,1
FCER2,1
TOP3B,1
CST4,1
CDR2,1
ERC2-IT1,1
LARS2,1
GAB1,1
FAM89B,1
RAPGEF3,1
LRRC37A4P,1
NRTN,1
DDX46,1
CFB,1
GSPT2,1
CLEC5A,1
ARHGEF28,1
SNX4,1
ART3,1
EIF2B3,1
MYRIP,1
CIDEA,1
LGALS9,1
NYNRIN,1
ADAM17,1
ARSL,1
RRP1B,1
RPS4Y1,1
HEY2,1
SNX24,1
ZFP1,1
HMBOX1,1
RASL11B,1
ZNF654,1
GOLT1B,1
SAA1,1
SLC17A3,1
CD320,1
HKDC1,1
USP46,1
RAC2,1
RFPL1S,1
NR1D1,1
USP25,1
ST8SIA2,1
HDAC2,1
ESRRB,1
CEP162,1
GAPDHS,1
ZMPSTE24,1
SYNE1,1
ERI2,1
CA2,1
BARD1,1
IRAK4,1
OSBPL2,1
EEF1AKMT2,1
HSD3B7,1
PROCR,1
SDC3,1
CD3D,1
SPCS3,1
GULP1,1
SERAC1,1
KYNU,1
REPS1,1
CD8B,1
AGER,1
PARM1,1
GNE,1
VMA21,1
SRGAP2B,1
CDH16,1
POLD1,1
BTK,1
MMP27,1
CREBZF,1
MICAL2,1
PTPN9,1
SPOCK2,1
MIR22HG,1
PYY,1
ZCCHC7,1
AGFG2,1
ACYP1,1
AKT3,1
TAF1D,1
POU5F1,1
ANKS1A,1
MEOX1,1
MATN2,1
GNA13,1
TTLL2,1
BAHCC1,1
MYO5B,1
ADAMTS5,1
PLAAT4,1
MVP,1
SATB1,1
MYOT,1
NTNG2,1
DLD,1
PVALB,1
NREP,1
GPRC5C,1
SLC2A4,1
SRSF11,1
GUF1,1
DOCK5,1
SMARCA5,1
BNC1,1
NCAPG2,1
CD177,1
C5AR1,1
PAX1,1
ZNF3,1
KNL1,1
DRP2,1
RAB34,1
USP36,1
WASL,1
TRIB1,1
MORC3,1
ADD3,1
SLIT3,1
GSTM1,1
FGB,1
HAPLN1,1
LHX1,1
EFNA3,1
SIGMAR1,1
CAMK2D,1
TM7SF3,1
TBXAS1,1
MACROH2A1,1
RAB31,1
S100A12,1
TMEM131L,1
NRBP1,1
TMEM156,1
AP4M1,1
MCTS1,1
MRPL20,1
HINFP,1
AGXT,1
TRIB2,1
ARSJ,1
SCARA3,1
TCF3,1
ARMC9,1
ARF1P1,1
FANCE,1
COL16A1,1
KREMEN2,1
C1orf109,1
MGAT5,1
CMTM7,1
ZMYND8,1
MEIS1,1
RNF19A,1
GJB6,1
FAAH,1
B3GAT1,1
PCBD2,1
LPA,1
NRP2,1
RBPJL,1
RAB11FIP5,1
TPT1P8,1
HAO2,1
ARHGEF10L,1
WNT8B,1
NOS1AP,1
HIGD1C,1
KCTD17,1
SYN2,1
DGCR11,1
GUCY1A2,1
LAMP5,1
SIK3,1
TGFBR1,1
BMP6,1
TEX264,1
RNPEPL1,1
RPS6KB1,1
PYROXD1,1
MPHOSPH8,1
SLC27A5,1
AURKC,1
PXN,1
LAT2,1
SLITRK5,1
MBL2,1
RNASE4,1
CSF1,1
KRT5,1
IFNG,1
KIRREL1,1
MBD3,1
DNAH3,1
CHN2,1
SNRPA,1
VPS53,1
CST7,1
LIMS2,1
GATA3,1
TACSTD2,1
ABCB4,1
CEACAM3,1
TM2D1,1
CLU,1
HSD17B7,1
CAPN11,1
CAV1,1
CACNA2D3,1
PLEKHG4,1
EEF1DP5,1
MANSC1,1
HOXB1,1
ACTC1,1
PBX3,1
MYO1D,1
MAFG,1
KCNMB2,1
OAT,1
ADAM29,1
LYPD3,1
ITIH2,1
TRAIP,1
PTPN14,1
ADRB1,1
RPGRIP1L,1
SRC,1
ACTA1,1
ACP6,1
DUSP7,1
ECM1,1
SCGB1A1,1
LDLRAD4,1
RHO,1
S100A14,1
PLPPR4,1
ZFYVE21,1
DPYSL3,1
NPR3,1
RFX7,1
CADPS2,1
KCNJ15,1
ADAMTS20,1
CACNA2D2,1
SPHK1,1
VAC14,1
SERPINB9,1
ALCAM,1
CHRD,1
CABP2,1
DEDD2,1
WASH3P,1
SEMA4B,1
PCNX2,1
CCN3,1
CTSC,1
NGEF,1
CRK,1
PILRB,1
BRCA1,1
HAUS5,1
CEACAM7,1
ALX4,1
PARP3,1
POLR1F,1
GCH1,1
NFKBIB,1
SNAI2,1
ASIC2,1
MAPKAPK5,1
ARHGAP19,1
DIP2C,1
APOBEC1,1
SOX2,1
GDPD2,1
EVPL,1
CDC14A,1
ENTPD6,1
BCAN,1
ERO1B,1
RNF34,1
PFKFB1,1
DNAJC13,1
MYO15B,1
PXDC1,1
TCAM1P,1
KIAA0930,1
FAM124B,1
GGNBP1,1
BDH2,1
ZIC2,1
PTPRD,1
STK11,1
ARHGEF18,1
GPR173,1
H2AC11,1
OLFML3,1
CDH13,1
GGNBP2,1
FUT8,1
RAP2B,1
SNHG3,1
EGR4,1
APPBP2,1
AP3B1,1
REEP6,1
PCK1,1
PLAGL1,1
PLAG1,1
RAB33A,1
SUGCT,1
SUPT16H,1
KLK11,1
U2AF1,1
MSH5,1
IP6K2,1
CLN5,1
OR7A17,1
CLIC3,1
NSD3,1
RAD54L,1
ATAD3A,1
TSPAN7,1
CCN4,1
WDFY3,1
CTRL,1
OSGIN1,1
CDON,1
ACTR8,1
HSPG2,1
C1orf112,1
ATP4A,1
PDGFRA,1
RCC1,1
UIMC1,1
EVA1B,1
SLC29A3,1
DNAH9,1
PPAN,1
PPL,1
FMC1-LUC7L2,1
MGP,1
TBC1D10B,1
UBE2E3,1
METTL7A,1
MAMDC2,1
BEX2,1
SEPTIN7,1
LINC00837,1
DNAI1,1
ACAD8,1
PCSK5,1
POLH,1
MTNR1A,1
TMEM259,1
OSGEPL1,1
RFC4,1
PCP2,1
LIF-AS2,1
SRF,1
FBXO32,1
FCGRT,1
SLITRK6,1
GYPA,1
ZMYM5,1
EGF,1
NCOR2,1
KCNN2,1
RPS6KA3,1
MYH1,1
TREML1,1
BPI,1
HCRTR2,1
EGFL7,1
TGM5,1
LIMS1,1
FMOD,1
KIAA0100,1
RASD1,1
COL5A2,1
GRID2,1
TSPAN3,1
SI,1
POLI,1
LUC7L3,1
TSPAN4,1
ATP10B,1
TVP23B,1
PLCB1,1
ATF1,1
SNHG20,1
SMAD9,1
GRAMD1A,1
DCAF8,1
NCAPD2,1
MEST,1
ABHD8,1
RAB26,1
GDF3,1
ELOA2,1
DNAJB2,1
PALM,1
PHLDA1,1
PIN1,1
TIMP1,1
H4C13,1
NCALD,1
RAB11FIP1,1
SERPINF2,1
MC1R,1
NR1I3,1
NATD1,1
MFSD3,1
DENND11,1
ZRSR2P1,1
GPM6A,1
PRSS3,1
SCN2A,1
CYP2C19,1
DDX17,1
DEFA1,1
PRKACB,1
ACTR6,1
THBS1,1
ATP11B,1
C1orf116,1
CNKSR2,1
RAD52,1
CHAD,1
SOX18,1
PRXL2A,1
IVL,1
TH,1
SERPINA5,1
MED18,1
CSF2RB,1
IPO4,1
ADARB1,1
PLD2,1
RAP1GAP,1
GLRX,1
ADRB2,1
ABCA7,1
C18orf25,1
BAZ2B,1
THEM6,1
CYB5R2,1
SCRN2,1
SULT1E1,1
SLC30A9,1
APOA1,1
ART1,1
CES3,1
CDH10,1
LAT,1
POU1F1,1
RUNX1,1
SEC23A,1
LGALS3BP,1
AGO2,1
HSPA1L,1
ADAM21,1
EPHA4,1
SLC35A5,1
ZNF829,1
SRPK3,1
HSPA2,1
GNG7,1
CACNA2D1,1
FSCN2,1
TMEM53,1
MPHOSPH6,1
POLR3B,1
PRMT1,1
SLC22A12,1
ELF5,1
GUCY1B1,1
GJB2,1
PRSS2,1
FST,1
NKX3-2,1
EBF1,1
ALKBH1,1
FBLN7,1
EXOSC2,1
SUMF1,1
ATP8B4,1
ORM1,1
NDUFA10,1
PDCD1LG2,1
DISC1,1
CYP20A1,1
PLN,1
RTKN2,1
A4GALT,1
PCSK2,1
AKAP9,1
SELPLG,1
EED,1
TERF2IP,1
ITGA7,1
DNAJC1,1
SRGAP2,1
HEG1,1
SUPT20H,1
GABBR2,1
KRT16,1
C5orf22,1
VRK1,1
GPR15,1
AGTRAP,1
SPAG16,1
PTPN7,1
ANXA6,1
CCNJ,1
SOS2,1
COL4A5,1
PTPRZ1,1
TMIGD1,1
B3GNT2,1
ZNF33B,1
DPF3,1
AKAP6,1
DNAAF3,1
IFRD1,1
MYRF,1
HDAC6,1
PTPRJ,1
WIPF1,1
MPPED2,1
SLC25A28,1
FHL3,1
CD79B,1
MUSK,1
AOC3,1
SH3TC2,1
NEIL1,1
LTN1,1
MINK1,1
FGFR3,1
PON3,1
HARS2,1
CNN1,1
MIIP,1
PPP2R1B,1
AZI2,1
SLC6A6,1
FUT6,1
TGM3,1
FGL2,1
PARVB,1
ZNF14,1
CASP7,1
LAMC3,1
ADGRF1,1
HBD,1
H3C10,1
ANKRD1,1
DNAJC3,1
TSPYL4,1
PRY,1
NUP58,1
RND3,1
SECISBP2,1
MYD88,1
B3GALT6,1
RHOB,1
HHEX,1
EBP,1
ALPK1,1
SHBG,1
PRRT2,1
TBCK,1
FGGY,1
SETD7,1
DICER1,1
EIF1AY,1
MGARP,1
HDAC5,1
LMTK2,1
ZNF544,1
TEAD4,1
FKBPL,1
PGK2,1
RBFOX1,1
NECTIN1,1
GCDH,1
SYMPK,1
CIT,1
PRR5L,1
EFL1,1
CST2,1
WNT6,1
TBXT,1
PRRG2,1
MYH10,1
THOC1,1
CELSR2,1
CHAF1B,1
GREB1,1
CX3CL1,1
PMM2,1
SLC17A7,1
ZNF585B,1
SOGA1,1
FBXL4,1
FMO3,1
TEX13B,1
PSPN,1
GALNT11,1
CBL,1
TMEM262,1
DAPK1,1
CREM,1
ZC3H8,1
LSR,1
GATAD2A,1
FAM131C,1
ZNF230,1
SMIM10,1
DRAM1,1
PPM1E,1
UBTD2,1
CPE,1
PABPC3,1
MX1,1
KCNC1,1
GALC,1
AR,1
HERC1,1
PKLR,1
NPFFR1,1
PF4V1,1
FAM13B,1
FHL2,1
IFT74,1
XYLT1,1
MFSD12,1
MRGBP,1
ANXA2,1
ARHGEF3,1
MTMR6,1
CBFA2T3,1
SLC25A16,1
ATAT1,1
HEPH,1
DYRK3,1
SLK,1
LAD1,1
EXOC6,1
NR4A3,1
ABCC10,1
CDC42EP1,1
TSPY26P,1
BRIP1,1
CRY2,1
SRRM1,1
ST6GALNAC6,1
PLEKHA2,1
VARS1,1
C2CD5,1
ZNF674-AS1,1
GNS,1
PSD4,1
PMAIP1,1
FLT3LG,1
MCM6,1
EDARADD,1
TMEM243,1
ASB7,1
HHIPL2,1
RENBP,1
HTATIP2,1
GATC,1
SIK2,1
STON1,1
TLE6,1
INHBA,1
TLR3,1
UBE3A,1
SMPDL3A,1
PIM1,1
IKZF2,1
IFNA5,1
RALGPS2,1
AVPI1,1
GPR17,1
EMP3,1
ST3GAL3,1
PSAT1,1
MAGEB3,1
NR2F2,1
IFI35,1
S100A16,1
NTHL1,1
NKX2-1,1
ZNF208,1
POGLUT2,1
RASL12,1
DNAJC4,1
C4orf19,1
KIF5A,1
MAZ,1
ZNF516,1
DSCR4,1
RNF168,1
IER3,1
NAP1L2,1
MCF2,1
LMO7,1
PLAC8,1
TBX6,1
COCH,1
TXN2,1
EPB41L4A-DT,1
LALBA,1
CHST3,1
BHLHE22,1
TMPRSS3,1
CACNA1E,1
MAP3K3,1
RFX1,1
SPIB,1
GPRASP2,1
SPRR2B,1
LDOC1,1
TRMT2B,1
PPME1,1
HTR1D,1
KLHL1,1
KCNAB1,1
FBXO17,1
ARMH1,1
ELMOD2,1
ORAI1,1
TCEA2,1
SPANXC,1
AGR2,1
LPP,1
NANOS2,1
FRZB,1
ASAP2,1
RPL23AP7,1
STX3,1
GALK1,1
PRX,1
POLR1E,1
TRAPPC10,1
OR1F2P,1
SLC25A11,1
STARD4,1
CCT6B,1
TMEM214,1
IFIT3,1
CR1,1
DUSP8,1
OSBPL1A,1
INSM2,1
FJX1,1
UBA6,1
DDB1,1
ZNF667,1
SMIM3,1
TAP1,1
PNISR,1
GBP7,1
HYAL2,1
ST6GALNAC2,1
TTTY1,1
PLPP6,1
PAXIP1-DT,1
DKFZP434A062,1
SERPING1,1
TMOD1,1
COQ4,1
BCO1,1
SLC38A5,1
DAG1,1
DAAM2,1
GCC1,1
IL5RA,1
HSP90AA1,1
PRAC1,1
LAMP3,1
GPSM2,1
IFI44,1
C12orf43,1
PANX1,1
FNDC3B,1
LOXL4,1
IGLJ3,1
GAS8-AS1,1
BCL2L10,1
ADORA3,1
DEGS2,1
UMPS,1
OR7E47P,1
CH25H,1
SKIL,1
SNX2,1
PCYOX1L,1
PTHLH,1
DHX57,1
HOXD8,1
SAR1A,1
ZNF184,1
APOA4,1
IRAK1BP1,1
CCNA1,1
SPATA6,1
SERPINB10,1
STING1,1
ELAVL3,1
FCN3,1
SAV1,1
ATOH7,1
SCEL,1
CPNE3,1
LRP8,1
IRF2BP1,1
PDLIM4,1
LPAR2,1
KLHL28,1
NSUN5P2,1
CDRT4,1
FCGR2A,1
ZNF44,1
SULT1B1,1
SYNCRIP,1
SNHG11,1
VWF,1
ARHGEF9,1
TAL2,1
FGF4,1
UNC93B1,1
PROZ,1
ACE,1
SLC10A1,1
MAP1B,1
MCTP2,1
SINHCAF,1
MTHFD1,1
ATE1,1
LANCL2,1
C8B,1
CBARP,1
C9,1
KRT17,1
NNMT,1
WDR31,1
RASA2,1
TINAGL1,1
RABGAP1,1
PTGIS,1
PER3,1
POT1,1
ZNF134,1
C22orf46,1
BCR,1
FOXA1,1
FCN1,1
TPD52L1,1
HMG20B,1
BFSP2-AS1,1
PTPN4,1
S1PR3,1
IL1A,1
TAF2,1
PDIA5,1
TAMALIN,1
CFAP74,1
CHST5,1
CUX1,1
LRRC36,1
RNF10,1
CCRL2,1
IGF1R,1
NMNAT2,1
OR3A3,1
CYBA,1
TYW1,1
KIR3DL3,1
MERTK,1
SLC22A18,1
CUL5,1
CSF2RBP1,1
CDCA7,1
MREG,1
SYT11,1
CCNB1,1
NMBR,1
MEPCE,1
BBS1,1
SSPN,1
SMARCB1,1
HHLA2,1
NRDE2,1
ZSCAN2,1
SAMD13,1
GRIA3,1
GJB4,1
ARHGDIB,1
UBE2V2,1
DPPA2,1
ARRDC3,1
OR7A5,1
PFAS,1
RPS6KA6,1
THRAP3,1
FZD5,1
SNHG6,1
VILL,1
ARID5B,1
SDC4,1
TENT5C,1
CRMP1,1
RNF6,1
PRND,1
RBM47,1
ERCC3,1
ERBB2,1
GTF2H2,1
ZNF652,1
RAD51C,1
ALX3,1
TRIM38,1
FLG,1
TMEM98,1
CSRP2,1
NKX6-3,1
TDRD7,1
ARMCX3,1
SLC2A11,1
HGH1,1
LY6G6C,1
LOX,1
AFF3,1
PGGHG,1
CEACAM6,1
MATK,1
USP13,1
TEP1,1
C5,1
CD22,1
CDC27,1
RERE,1
CFD,1
CHIA,1
GUCA2A,1
CEP97,1
UROS,1
ERG28,1
DCAF6,1
CALML4,1
FRRS1,1
FASTKD1,1
CCNL2,1
GBP3,1
PM20D2,1
C4BPA,1
SPNS3,1
C19orf73,1
ALDH1A3,1
RAB40A,1
ECH1,1
NOL12,1
LINC00342,1
NAB2,1
NFE2L1,1
GPA33,1
PRMT9,1
CDO1,1
PNMA2,1
DDX3X,1
LIN7C,1
CYBB,1
CLIP2,1
CCN5,1
CASKIN2,1
ATP6V1C1,1
NSF,1
CD276,1
LAMB3,1
LINC00115,1
SURF2,1
GJB5,1
ZNF319,1
VEZF1,1
CENPE,1
FBXO15,1
PRAM1,1
CALD1,1
CCDC9,1
FADS2,1
SLC16A2,1
PRDM1,1
LONP2,1
SNCB,1
MED12,1
SPDL1,1
SERINC4,1
MOGAT1,1
VNN1,1
ACSL5,1
NOTUM,1
STAC,1
HGD,1
VEGFC,1
CAMK2N1,1
HOXB5,1
ADGRE5,1
TBXA2R,1
CRLF1,1
OPRM1,1
GPR4,1
DES,1
KCNJ5,1
COL8A1,1
FHOD3,1
CNMD,1
SGCB,1
PPP4R2,1
MMP28,1
PTGER4,1
SHQ1,1
CHEK1,1
CA5BP1,1
MRPS6,1
LAS1L,1
GNPDA1,1
ATXN3L,1
RHOBTB2,1
INSIG1,1
VAV1,1
TWIST1,1
ITGB7,1
SHROOM2,1
SH3TC1,1
UNC5C,1
USP44,1
CLDN16,1
PARP16,1
NXF1,1
PDK2,1
HERC2P3,1
IL4R,1
IRF2,1
PTX3,1
CBX6,1
MYOM1,1
PTK2B,1
TNS4,1
SLC35E1,1
ZNF277,1
ACOX1,1
ORC1,1
AHSA2P,1
ZNF664,1
CDIPT,1
CORO2B,1
DDX1,1
EHMT2,1
NAALAD2,1
ELAPOR1,1
MYO6,1
DMP1,1
CHRM5,1
SMOC2,1
FAM189A2,1
ABCB8,1
NDUFC1,1
LRIG3,1
HS3ST3B1,1
DAO,1
CHST1,1
SPN,1
RNF128,1
NIP7,1
CPT1A,1
PDE4D,1
KRT19P2,1
PHF1,1
UBXN2B,1
PLK4,1
ENTPD7,1
MAST3,1
PLA2G3,1
NUP155,1
NCMAP,1
TARS1,1
ARHGAP24,1
LILRB5,1
MROCKI,1
SH2D2A,1
NRN1,1
SLC7A9,1
SCGB2A2,1
PODNL1,1
CRIP2,1
KRT8,1
AASDHPPT,1
SPHK2,1
GABRB2,1
CHGB,1
RAB30,1
EEPD1,1
STEAP1B,1
ETV3,1
TNNC1,1
CDADC1,1
TTYH1,1
ING4,1
CDC6,1
PLAC4,1
BMP2K,1
NDRG1,1
FOS,1
LSM12,1
DDAH2,1
VAMP3,1
CD300A,1
RANGAP1,1
CORO2A,1
IL1RAP,1
ACSL6,1
TEX14,1
ZNF284,1
MTA2,1
PUM1,1
AADAC,1
SAYSD1,1
ECT2,1
TLCD3A,1
PTENP1,1
UBE3C,1
HOXA5,1
ADAT2,1
STMN4,1
HOXB9,1
CBX5,1
ZC3H12A,1
ACY1,1
PMPCB,1
GDF2,1
FOXD1,1
APBA1,1
ZNF702P,1
KCNQ1OT1,1
CDT1,1
POF1B,1
AMELY,1
SMO,1
MYOM2,1
MSL2,1
PDCD1,1
APP,1
GART,1
CACUL1,1
ARFGEF2,1
ABCC9,1
CD2,1
FOXG1,1
HSD17B2,1
CAMK2B,1
ANKRD2,1
SMC5,1
SLC22A17,1
PCDHB15,1
GYPE,1
IRS2,1
HOXC8,1
TPD52,1
TBC1D16,1
PRSS50,1
PAMR1,1
LIF,1
CUL7,1
KIF13A,1
MAL2,1
UHRF1,1
GPRC5B,1
LTK,1
GSTM3,1
EIF4ENIF1,1
PRKRA,1
DNAI2,1
DEPDC1,1
H2AC6,1
MORN1,1
ADD2,1
LINC01913,1
APPL1,1
TCAF1,1
EPHA7,1
BIN3,1
TF,1
INS,1
ATXN8OS,1
ATF7IP,1
ETV1,1
SEPTIN9,1
ICAM2,1
HCG4B,1
PGLYRP4,1
ATF5,1
HSPH1,1
EPYC,1
WDR54,1
ERN2,1
RNF215,1
PYROXD2,1
HIC1,1
PNN,1
RAB43,1
ATF3,1
FOLR3,1
OTUD7A,1
ZFR2,1
TNFRSF10D,1
BPTF,1
AP2B1,1
FAM204A,1
H2BS1,1
DSCAM,1
JPH1,1
JAG1,1
FAM30A,1
SLC16A1,1
HMGN5,1
TRPV6,1
STIP1,1
AGPAT5,1
VPREB3,1
FKBP3,1
DGCR5,1
CDK5RAP3,1
CYP3A4,1
TNRC6B,1
KAT2B,1
TCF21,1
FUBP3,1
SP4,1
PLEK,1
SPINK1,1
CNGB3,1
CHRM4,1
CTSW,1
BGN,1
GPATCH2L,1
RHOQ,1
GAS1,1
SYDE2,1
ETFB,1
MAFB,1
NUP62,1
TMEM39A,1
ACSM3,1
QPCT,1
RTL10,1
ASMTL,1
TTYH3,1
ADSL,1
AP3D1,1
IL23A,1
BCKDHA,1
SRGAP3,1
ZBTB22,1
UBL4A,1
RRP8,1
PRMT6,1
DACH1,1
AVP,1
AMBN,1
MOG,1
XIAP,1
PCK2,1
FOXO4,1
MIR600HG,1
TCEAL1,1
SLC6A3,1
ZNF137P,1
PSCA,1
EPHA5,1
NLRP2,1
HCLS1,1
SEL1L,1
CMPK2,1
CCR7,1
EXPH5,1
UGDH,1
CLTB,1
MINDY1,1
DDX25,1
IFNA17,1
HNRNPA0,1
ARRB1,1
FKBP5,1
TBC1D30,1
RUNX2,1
DTX2,1
PIP4P2,1
CD34,1
DDX6,1
BACH2,1
IRF5,1
CLDN6,1
MYCN,1
ZKSCAN1,1
DNM1L,1
ADRA1B,1
KCNK5,1
NTF3,1
WWP2,1
AQP5,1
MAP6,1
TBX2,1
AOC4P,1
RHOJ,1
TSPAN17,1
ZEB2,1
EBF2,1
GPR75,1
GEM,1
LINC00339,1
FBXO8,1
CD24,1
CRBN,1
TMEM50B,1
FBXW12,1
BMS1,1
NUDT9,1
UAP1L1,1
SMPD1,1
TMEM121,1
TNNI3,1
COQ8A,1
PLEKHH3,1
SPTLC2,1
HSF2,1
RNASEL,1
MT1G,1
ARHGAP18,1
CSTF2T,1
B2M,1
BASP1,1
FANCG,1
FADD,1
PAGR1,1
FRYL,1
GNAZ,1
ZNF280D,1
ARPP21,1
EBI3,1
PLGRKT,1
LYST,1
WNK2,1
BEND5,1
ITGA4,1
TBK1,1
IRF3,1
GP2,1
MROH7,1
DCSTAMP,1
TSPAN33,1
HNRNPA3P1,1
ITGA2,1
CFHR1,1
ITGB3,1
CHGA,1
PMCH,1
SH3BGR,1
FBXO28,1
MAPKAP1,1
WIF1,1
MMP1,1
EIF2AK2,1
GATAD2B,1
SPRY4,1
ANXA8,1
MTRF1,1
AANAT,1
CALB2,1
FSTL3,1
PARP9,1
TMEM97,1
IDE,1
CHRNA9,1
IFI44L,1
SEL1L3,1
BCAM,1
GLIPR1,1
SS18,1
HCFC1R1,1
KLRC3,1
TLR6,1
GPR32,1
COX6A2,1
KCNA5,1
BAMBI,1
TNN,1
GOLGA4,1
WFS1,1
CA7,1
DDN,1
SSB,1
GBF1,1
TUBB4A,1
CENPT,1
HLX,1
ZNF37BP,1
TGFBRAP1,1
PNO1,1
TSBP1,1
GTF2H4,1
TCEAL8,1
GJD2,1
STAT6,1
PCDHB4,1
ALDH1L2,1
BCL9,1
MMP25,1
KIAA1143P1,1
ROS1,1
KDM2A,1
RHAG,1
ITPA,1
SIKE1,1
ARHGAP33,1
KLF12,1
KCNV2,1
ZIK1,1
SIL1,1
HLA-DRB4,1
MSMO1,1
IL1RN,1
ANKRD28,1
HOXB8,1
KCNC3,1
EYA4,1
ADORA2A,1
DSG3,1
ACOX2,1
OSBPL3,1
PRSS33,1
PELI2,1
SLC7A6,1
LY6G6E,1
RGS2,1
MYO1B,1
CDC45,1
MYBPC3,1
USP38,1
VCAM1,1
PARP8,1
BCL2L14,1
ZCCHC2,1
TMCC3,1
IMPA2,1
HSD17B11,1
KDM6A,1
EPOP,1
ZMYM3,1
DCAF17,1
STK17B,1
ZNF74,1
ZBTB16,1
IFNA13,1
FAH,1
BUB1B,1
CACNG2,1
CHFR,1
KLK6,1
TDRD6,1
RPRD1A,1
CLCA4,1
DCLRE1B,1
KMT5B,1
NAV2,1
PAH,1
TRPS1,1
CEL,1
IAPP,1
GGACT,1
ASB13,1
POLA1,1
OR7A10,1
TNS2,1
GPX2,1
CNPY3,1
LIMD1,1
BAX,1
BCL10,1
HCK,1
SEC14L2,1
GASK1B,1
FOXP2,1
SPP2,1
GDAP1,1
MAP1A,1
CRYGS,1
PDGFRL,1
RNASE6,1
S100A8,1
SELENOP,1
EEF1AKMT3,1
FOXJ1,1
SPTBN2,1
C1orf21,1
ZNF571,1
NES,1
ANKRD53,1
KLF11,1
IDH2,1
TCTA,1
SRPX2,1
ARHGEF17,1
LGR5,1
DYRK4,1
TGFA,1
EOMES,1
IGKV3D-15,1
TFR2,1
SREBF1,1
GRM8,1
DDX51,1
ANGPT2,1
PLCL2,1
SMAP1,1
H2BC9,1
BCAT2,1
MAP3K1,1
ITGA10,1
SLC2A6,1
GPR183,1
NDUFA4L2,1
TBL3,1
KAT8,1
COL15A1,1
P3H2,1
SLC35E3,1
ELOVL5,1
CYP4F2,1
NBN,1
MTARC2,1
FGD2,1
RAB29,1
PPP1R9A,1
RIPK2,1
SALL3,1
PPM1N,1
NUP188,1
KIZ,1
DUSP22,1
SYNPO,1
MYOG,1
PDE1A,1
DZIP1,1
BMP7,1
MAP2K4,1
FANCA,1
STK26,1
SLC9A2,1
TPSD1,1
KLK1,1
SPAG4,1
WIPI2,1
MYOCD,1
MAP3K8,1
GEMIN4,1
KPNA1,1
ZFP36L2,1
GHRH,1
MAPK7,1
HACD1,1
FCHO1,1
REN,1
GNB1L,1
RAB4B,1
DPPA5,1
SOCS2,1
GPATCH4,1
DIMT1,1
PPA2,1
NOS2,1
FBXO38,1
EPHA3,1
TGFB2,1
HAAO,1
ELOVL2,1
EIF4B,1
SLC9A1,1
KAZN,1
GAS7,1
RALA,1
RBM17,1
ARMC1,1
H19,1
CAV2,1
SMURF2,1
CD47,1
SERPIND1,1
FBLN2,1
H2BC7,1
ZBTB44,1
DNAJC7,1
ZNF10,1
MAD1L1,1
CLOCK,1
NR1D2,1
SERPINA3,1
SPAG5,1
POU2AF1,1
ATP13A2,1
WHRN,1
LGALSL,1
ZMYND10,1
ACTL6B,1
CSGALNACT2,1
TRIM73,1
C1QTNF1,1
TTYH2,1
DOCK11,1
KANSL3,1
SACS,1
ADAM22,1
CLCN6,1
IGFBP4,1
GALNT14,1
CAMKK2,1
GNG11,1
MISP,1
TREM1,1
BTBD16,1
SRCAP,1
EFEMP1,1
CLINT1,1
TAFAZZIN,1
VWA7,1
ZBTB6,1
SMG7-AS1,1
NIPAL3,1
GDF10,1
KLHL9,1
ITGB4,1
TEX15,1
UTRN,1
HOXA10,1
SLC5A2,1
TSC22D4,1
WFDC2,1
DLG4,1
PIP5K1A,1
XK,1
SLCO4C1,1
IRAK2,1
ITIH3,1
FAM76A,1
UBE2C,1
C1QTNF4,1
PRSS8,1
TTC39B,1
KCNJ2,1
PDE11A,1
SFRP5,1
PTGS2,1
UTP14A,1
CGA,1
NLRX1,1
IFIT2,1
KLK5,1
LILRA4,1
SOX30,1
UCHL3,1
TSPAN5,1
COL25A1,1
SYPL2,1
G6PC2,1
GLB1L,1
KCNC4,1
PPFIBP2,1
NDNF,1
TWF1,1
SGIP1,1
ISYNA1,1
PHKG2,1
ASMT,1
GLI3,1
ISLR,1
MRC2,1
ENOX2,1
SAG,1
GIPC1,1
TCN1,1
NCKAP1L,1
SPRR1A,1
SRRT,1
TRIM17,1
DPPA4,1
PTPRU,1
MEF2C,1
ADGRA2,1
RAX,1
TULP1,1
NPHS1,1
CRYGB,1
SPRY1,1
ANKRD34C,1
GCNT1,1
RPAP3,1
PRC1,1
UBE3B,1
CA1,1
DNASE1L2,1
REC8,1
SEPTIN11,1
ILF3,1
ITGAE,1
USP22,1
HRC,1
LIN7A,1
DNMT3A,1
MMAA,1
ZDHHC20,1
GABRP,1
ROBO3,1
TRERF1,1
STAM,1
PCDHB17P,1
PPM1A,1
ITGB8,1
COL7A1,1
SPTSSA,1
LEPR,1
IL10RA,1
ARL5A,1
MT1M,1
DLX6,1
ADM,1
MICB,1
SLC27A6,1
SLC11A1,1
FGF16,1
PAPSS2,1
IL12B,1
TMEFF1,1
LTBP1,1
CMTR2,1
PEMT,1
ANXA5,1
APOLD1,1
CD302,1
CCL27,1
ZXDC,1
TESMIN,1
ST3GAL6,1
CST5,1
S100A3,1
FAM131B,1
IL18R1,1
CDK10,1
MAFF,1
MPRIP,1
CD83,1
DSCC1,1
UNG,1
TEDC2,1
SQOR,1
CABP1,1
CADM4,1
ZNF749,1
TP53BP1,1
PRODH2,1
TP53TG5,1
PSMA7,1
ZFP64,1
TAS2R9,1
ZSCAN26,1
CSHL1,1
TEX101,1
UTY,1
SRGN,1
GUCY2C,1
PLPBP,1
ACVRL1,1
FLRT1,1
H4C4,1
PPCS,1
GLS,1
GPX7,1
SHANK1,1
GHR,1
ARHGEF38,1
ZC2HC1A,1
MSMB,1
GPT2,1
ANKRD10,1
DLEU1,1
TCEAL7,1
FUT9,1
PACS1,1
MAOB,1
KCNE1,1
ALG12,1
CKS2,1
SEMA3C,1
RAP2C,1
CCDC81,1
RABL6,1
CNTNAP2,1
H2BC11,1
H1-6,1
VPS37B,1
ZNF623,1
CA14,1
ESYT1,1
ACTR1B,1
CEP68,1
RANGRF,1
LRP12,1
SLC66A1,1
GALNT3,1
LRRC40,1
KCNH3,1
NFE2L2,1
IGSF9B,1
NR2F1,1
ECM2,1
GABRA5,1
DEPDC5,1
RHOU,1
KLHL21,1
DPAGT1,1
DDX31,1
DCTN4,1
NOX3,1
LRRC57,1
LILRA2,1
PRSS1,1
PPP1R1B,1
OLR1,1
PTGDS,1
LAMA4,1
CEP57,1
SLC5A1,1
PKD1P6,1
IFIT5,1
CCNP,1
SLC10A2,1
PHLDA2,1
ZNF32,1
RRS1,1
AHNAK,1
HBZ,1
MMP2,1
TNFSF8,1
GABRG2,1
GABRA3,1
CHD2,1
ST18,1
KCNJ8,1
PTBP2,1
RS1,1
COMMD9,1
ZMYM6,1
SLC6A8,1
HBA2,1
TRIM46,1
ATP7B,1
SAMHD1,1
HIC2,1
UGGT1,1
SEMA5B,1
PITPNM1,1
TMEM87A,1
VLDLR,1
LUM,1
GTF2H2B,1
MFN1,1
PPP1R3D,1
RALB,1
ABCG5,1
DEPTOR,1
GABRA6,1
MMP19,1
BTNL10,1
MCM2,1
JPT2,1
DRC3,1
TAS2R4,1
LRRC32,1
AKR1A1,1
IGFBP6,1
SMAD4,1
ID2B,1
POU5F1P4,1
GNAI3,1
PDCD4,1
IMPA1,1
SLC16A14,1
NR2E1,1
ESM1,1
SV2C,1
P2RX4,1
YIPF1,1
SNTG1,1
HOOK2,1
ZNF175,1
STPG1,1
C8orf44,1
PRTG,1
SPINK5,1
TRIM48,1
PTPN18,1
PLXNC1,1
ALDH2,1
CENPQ,1
EDDM3A,1
KCNJ3,1
STMN2,1
IDS,1
EPHB3,1
ZBTB7A,1
ABHD18,1
TOMM34,1
ZFHX2,1
SLN,1
ARNT2,1
PLS1,1
PPFIA3,1
MXRA5,1
PTK6,1
PLAAT1,1
SPTA1,1
NR4A1,1
LINC-PINT,1
HDAC7,1
KISS1,1
GNMT,1
ANKLE1,1
IL24,1
CD248,1
TES,1
RNMT,1
CTAGE9,1
SCARA5,1
TBL1XR1,1
ADGRE2,1
ASH1L,1
TONSL,1
MYOC,1
TMEM258,1
EPS8,1
MGAT4C,1
TFAP2A,1
SLC44A4,1
ZFTA,1
ALDH1A1,1
UBXN2A,1
BID,1
DPYSL5,1
COPS7A,1
EIF4EBP1,1
GADD45A,1
SLCO2A1,1
TUBB4B,1
RBBP9,1
PSMB8,1
SIT1,1
FGF7,1
ARRDC4,1
NMB,1
F11,1
PLEKHF1,1
MS4A5,1
SLC35F1,1
DCP1B,1
GABRG3,1
PAQR4,1
AKAP10,1
RNF20,1
PRPF40A,1
PRG2,1
SLC12A5,1
NDRG4,1
CDK3,1
NPHP3,1
S1PR1,1
KIF4A,1
LIN28A,1
SIX5,1
TIFA,1
GRHL1,1
SRM,1
BCAS1,1
DYNC2I1,1
CFH,1
CBX4,1
TP63,1
SLC38A3,1
HSPA4L,1
S100A13,1
RASAL2,1
HES7,1
UBA5,1
NUP42,1
TNRC18,1
INSL4,1
GID8,1
ATRNL1,1
GNRH2,1
GAP43,1
ZC2HC1C,1
PKP2,1
COA5,1
MFGE8,1
APOBEC3A,1
KRT81,1
ADGRE3,1
XBP1,1
GPR88,1
ZNF696,1
LINC01089,1
CEBPE,1
SMARCA2,1
CAD,1
BCKDHB,1
VSNL1,1
PLXNA2,1
NFKB2,1
ADRA1D,1
SULT4A1,1
DDHD1,1
ASIC4,1
DBF4,1
OAS3,1
AGRN,1
WEE1,1
ACBD4,1
KCNN3,1
KLF4,1
EXOSC8,1
ADH4,1
CDH15,1
DOCK1,1
PSMA8,1
MAP1LC3C,1
TOB2,1
TMEM176B,1
ZNF711,1
PRKG1,1
WASHC5,1
ZNF271P,1
RGL3,1
TSPAN12,1
ATP2B3,1
JMJD1C,1
SETBP1,1
ALDH8A1,1
KIR2DL3,1
ITGB5,1
TGIF1,1
