SYMBOL,TARGTYPE
SPP1,Research target
TGFA,Clinical Trial target
FUNG,Research target
CCN2,Clinical Trial target
MRCKA,Research target
PIGU,Research target
ALOX5,Successful target
TRPC5,Clinical Trial target
MDM2,Clinical Trial target
NFKB1,Clinical Trial target
IL4,Clinical Trial target
NR1D1,Research target
MOG,Research target
CHRNA5,Research target
TMPRSS11D,Research target
BACT,Research target
MTTP,Patented target
TNNC2,Clinical Trial target
TAT,Clinical Trial target
BACT,Research target
SRR,Research target
IL23R,Clinical Trial target
P2RY10,Research target
ABCA1,Successful target
PAWR,Research target
SLC2A9,Discontinued target
DUSP9,Research target
SLCO1A2,Research target
MAPK10,Patented target
SOX2,Research target
MAP4K1,Research target
FUT3,Clinical Trial target
KCNJ11,Research target
MAP3K8,Research target
CXCR1,Successful target
HCAR3,Clinical Trial target
PRKCE,Successful target
NTF4,Research target
PHF8,Research target
TYRP1,Clinical Trial target
TAT,Clinical Trial target
PBRM1,Research target
ERN1,Research target
WWP2,Research target
CSF1R,Clinical Trial target
SPAG6,Research target
STK32B,Research target
ABL1,Patented target
BACE2,Clinical Trial target
TMPRSS2,Research target
TSG101,Clinical Trial target
MALARIA,Successful target
SYVN1,Research target
NAE,Clinical Trial target
GSTM1,Research target
GJA9,Research target
SGPL1,Clinical Trial target
CAT,Clinical Trial target
PML,Research target
PMFBP1,Research target
HHAT,Research target
ADRA2C,Successful target
ITGB1,Clinical Trial target
MALARIA,Research target
KLK2,Clinical Trial target
MALARIA,Clinical Trial target
MST1R,Clinical Trial target
PDE4D,Successful target
ARSB,Successful target
GCLM,Research target
STRE-COC,Clinical Trial target
IL27B,Research target
DPOL,Clinical Trial target
RUNX2,Research target
KCNT1,Clinical Trial target
TNFSF13B,Successful target
TMEM219,Research target
GHR,Successful target
BACT,Research target
UTS2,Research target
EIF2AK1,Research target
EPHB1,Research target
PIKFYVE,Clinical Trial target
NNT,Research target
CD2,Clinical Trial target
SCN4A,Clinical Trial target
DRD3,Successful target
PTGES,Clinical Trial target
SLCO1B3,Research target
PDXP,Research target
TAT,Clinical Trial target
TF,Clinical Trial target
BIRC5,Clinical Trial target
BACT,Clinical Trial target
NOS2,Clinical Trial target
GRM3,Clinical Trial target
IRF1,Research target
NTSR1,Clinical Trial target
CCR3,Discontinued target
ABCC9,Successful target
DMD,Clinical Trial target
IFNB1,Successful target
HTR5BP,Research target
BACT,Research target
IL1RAP,Research target
SRMS,Research target
MKRAS,Clinical Trial target
TLR1,Patented target
DAGLA,Patented target
PRAME,Research target
RPS6KA2,Patented target
IL2RA,Successful target
LY6D,Research target
IL4R,Successful target
SREBF2,Research target
CPOX,Successful target
CHST5,Research target
COX17,Research target
MYCB,Clinical Trial target
MVK,Research target
MMP12,Clinical Trial target
RGS8,Research target
PTEN,Research target
HNF1A,Clinical Trial target
CTCFL,Research target
FCGR2B,Clinical Trial target
STK38,Research target
ST8SIA4,Research target
CREBBP,Clinical Trial target
SNCA,Clinical Trial target
ADA,Successful target
HDAC9,Patented target
LTA4H,Successful target
BCL2L2,Clinical Trial target
TNFRSF14,Research target
PPARG,Patented target
HRAS,Discontinued target
MK,Research target
POLG,Successful target
AGXT,Successful target
PJ,Discontinued target
ERBB3,Research target
PPP5C,Patented target
CLC-K1,Research target
NMUR2,Research target
BACT,Research target
STK16,Research target
PMFBP1,Clinical Trial target
MAP3K7,Research target
CUL3,Research target
MYCB,Research target
ANXA2,Research target
KCNN3,Clinical Trial target
CBLB,Research target
TSSK2,Research target
PRKAR2A,Research target
KSR1,Research target
DLG4,Clinical Trial target
EZH2,Patented target
IRF8,Research target
FDXR,Research target
CHRNA1,Successful target
TDP2,Research target
ATIC,Research target
CXCL12,Clinical Trial target
MALARIA,Patented target
RBPJ,Research target
POLD3,Research target
CCL20,Clinical Trial target
CAPN2,Clinical Trial target
POLG,Clinical Trial target
FAS,Research target
EZH2,Patented target
PIK3CB,Clinical Trial target
ANO1,Successful target
HDAC3,Clinical Trial target
CMA1,Clinical Trial target
POLG,Successful target
AZGP1,Research target
CSE1L,Research target
MARCKS,Clinical Trial target
TGM2,Patented target
MME,Clinical Trial target
LINGO1,Clinical Trial target
LCAT,Clinical Trial target
ADH2,Research target
AGPAT1,Research target
BPHL,Research target
GJC1,Research target
CCKBR,Successful target
APH1A,Patented target
TNNT2,Research target
PDE8A,Research target
MUC16,Clinical Trial target
FCGRT,Research target
MAP3K1,Clinical Trial target
MAPK9,Research target
NOS3,Clinical Trial target
SLC25A1,Research target
ROCK2,Clinical Trial target
RGS12,Research target
VIPR2,Clinical Trial target
PARP1,Successful target
AGXT,Research target
PSEUDO,Research target
PRKCA,Research target
IFNAR2,Successful target
CYP2A6,Successful target
NCL,Clinical Trial target
RAC3,Research target
IL17F,Clinical Trial target
ERBB4,Research target
CA6,Successful target
CTSG,Clinical Trial target
IL18,Clinical Trial target
ITGA1/B1,Research target
BACT,Research target
TAT,Successful target
PS,Patented target
SOCS1,Research target
S100G,Research target
IL23A,Successful target
GHRL,Clinical Trial target
PDGFA,Clinical Trial target
CCR4,Successful target
BACT,Research target
TRM1,Successful target
ADCYAP1,Clinical Trial target
SLC5A5,Clinical Trial target
PTK2B,Research target
HPD,Successful target
NTRK1,Successful target
MAP4K2,Patented target
FABP4,Patented target
S100A12,Clinical Trial target
PIM2,Clinical Trial target
ACKR1,Successful target
FLT4,Clinical Trial target
MSMB,Clinical Trial target
NOTCH1,Clinical Trial target
AGER,Clinical Trial target
CD80,Successful target
MASP2,Clinical Trial target
BACT,Research target
RSV,Successful target
MYH7,Clinical Trial target
APOB,Clinical Trial target
COMPLEX,Successful target
KRT17,Research target
RPB7,Research target
PDE5A,Successful target
KCNJ4,Research target
PAK2,Research target
SLC8A1,Research target
HTR1B,Successful target
HDAC5,Patented target
CHST15,Research target
EPO,Clinical Trial target
TARDBP,Clinical Trial target
CFP,Research target
SPATA2,Research target
LRRK2,Clinical Trial target
TRPV6,Clinical Trial target
IFNA5,Clinical Trial target
ELEGANS,Research target
OXSR1,Research target
MYCB,Research target
CD74,Clinical Trial target
TRYPANO,Research target
GZMB,Research target
CD79B,Clinical Trial target
RNASE,Research target
SLC23A2,Successful target
HOXA5,Research target
JAK2,Successful target
SLC6A12,Research target
NLRP3,Clinical Trial target
THBD,Discontinued target
EPHA6,Research target
PRNP,Research target
ASPERG,Successful target
CSK,Research target
PRKAR1A,Research target
MMP8,Clinical Trial target
TRAP,Clinical Trial target
MC2R,Successful target
GABRG2,Successful target
CDH1,Research target
ACACB,Successful target
HLA-A,Research target
CORY,Successful target
PS,Patented target
EV,Clinical Trial target
TPBG,Clinical Trial target
SLC15A4,Research target
CALCB,Research target
IL10,Clinical Trial target
CASP2,Patented target
TNS4,Research target
LIMK1,Research target
DDR1,Research target
LRRK2,Patented target
MYCB,Research target
PAQR1,Research target
VIRU,Research target
CHIT1,Research target
KCNJ10,Successful target
SPARC,Research target
APOB,Successful target
CDK5R1,Research target
CXCR5,Clinical Trial target
ALPL,Successful target
LGALS1,Research target
MCHR1,Clinical Trial target
PTPN13,Research target
EHMT1,Research target
GGTLC4P,Research target
ADH7,Research target
TOP1,Successful target
POLG,Research target
AGTR2,Successful target
FOXO1,Research target
CCR5,Successful target
LRRK2,Patented target
CCNE1,Research target
MYCB,Research target
RHO,Research target
FSHB,Clinical Trial target
CTRC,Research target
DKK2,Research target
PTPRS,Successful target
CD4,Successful target
CEBPB,Research target
PDE4B,Clinical Trial target
GJD3,Research target
BRSK2,Research target
PLD2,Clinical Trial target
FA12,Clinical Trial target
BURCJ,Research target
ACKR3,Discontinued target
ITGB2,Discontinued target
BACT,Research target
LYZ,Research target
NPY2R,Clinical Trial target
FUNG,Research target
HDC,Clinical Trial target
RCE1,Research target
MALARIA,Research target
CDK8,Patented target
AFP,Clinical Trial target
FCGR1B,Research target
GPR85,Research target
CD38,Successful target
SCD,Successful target
USP37,Research target
TRPC7,Research target
MDM2,Research target
WEE1,Research target
SELP,Clinical Trial target
IL1RL2,Clinical Trial target
IFNW1,Clinical Trial target
CRHR2,Clinical Trial target
HTR1D,Successful target
ADAM33,Research target
FBXO11,Research target
AR,Successful target
S1PR3,Research target
HSPB1,Discontinued target
HSPD1,Clinical Trial target
ABCC1,Successful target
CCL2,Clinical Trial target
SIK1,Research target
CTSK,Clinical Trial target
ADRA2A,Successful target
TLR9,Clinical Trial target
GIP,Research target
ACAT1,Clinical Trial target
ERF,Research target
SRRP35,Research target
SLC7A11,Research target
IL31,Clinical Trial target
MAP3K3,Research target
DDR2,Research target
SLC33A1,Research target
CYP2B6,Research target
KLK5,Patented target
MAPT,Patented target
VKORC1,Successful target
GABRR3,Research target
BACT,Research target
TRPM7,Research target
KCNN1,Clinical Trial target
F13B,Clinical Trial target
ATF3,Research target
COV,Research target
HNRNPA1,Research target
MAN2C1,Clinical Trial target
SHH,Research target
PDE4C,Research target
RBBP9,Research target
ACVR1,Patented target
MAGEA4,Clinical Trial target
CRY1,Research target
SCN9A,Clinical Trial target
MAP3K11,Research target
MYCB,Successful target
CTH,Research target
HPV,Discontinued target
GNAQ,Research target
MAPT,Research target
CCND1,Clinical Trial target
BACT,Clinical Trial target
GNRHR,Successful target
HSPB3,Research target
LCK,Successful target
PI4KB,Research target
ITPR3,Research target
DYNAP,Research target
ACO2,Research target
VCP,Clinical Trial target
SLC30A8,Research target
BCL2A1,Research target
PRKCA,Successful target
HSPA8,Research target
COP1,Successful target
CARM1,Research target
DMD,Clinical Trial target
LALBA,Research target
USP33,Patented target
TNNC1,Successful target
HMGB2,Research target
SDC1,Clinical Trial target
EIF5A2,Research target
PTPN11,Clinical Trial target
FUNG,Research target
CSNK1A1,Research target
NTN1,Research target
FNTA,Clinical Trial target
WNT5A,Research target
EIF2AK3,Patented target
CA1,Successful target
BACT,Research target
IL12A,Successful target
SLC38A4,Research target
ALDH5A1,Successful target
CYP19A1,Successful target
PNKP,Research target
APEX1,Clinical Trial target
KCNC2,Research target
TAT,Clinical Trial target
GALR2,Research target
LPAR6,Research target
SLC29A1,Successful target
LRP1,Research target
LEISHM,Discontinued target
ILK,Research target
RPL17-C18orf32,Patented target
SSTR3,Successful target
NR1H2,Clinical Trial target
RXRA,Successful target
OGFR,Clinical Trial target
CHRNA9,Research target
S1PR1,Successful target
TMPRSS6,Research target
NR5A2,Research target
SENP8,Research target
MYCB,Research target
CDKN1B,Research target
RAB7A,Research target
ITGB7,Successful target
HSPA12B,Research target
KLB,Clinical Trial target
INFLU,Research target
VIRU,Successful target
TGFB2,Clinical Trial target
OPHN1,Research target
TERF2,Research target
RIC8A,Research target
ABCG5,Research target
VIRU,Research target
LGR5,Research target
MCOLN3,Research target
SLC6A11,Research target
CFLAR,Research target
TAT,Successful target
MALARIA,Research target
SLC10A6,Clinical Trial target
CTLA4,Successful target
IL10RB,Research target
TRYPTASE,Successful target
MYCB,Successful target
FAS,Clinical Trial target
ERBB2,Successful target
F8,Successful target
PIP5K1A,Research target
ANP32B,Clinical Trial target
SIRT1,Clinical Trial target
CD40LG,Clinical Trial target
KDR,Discontinued target
GIVA,Clinical Trial target
FGF23,Successful target
USP14,Patented target
CASP10,Patented target
UGCG,Successful target
MCL1,Clinical Trial target
FA83B,Research target
CENPE,Research target
CTLA4,Successful target
NRP1,Successful target
CX3CR1,Research target
IGFBP1,Research target
TRAF6,Research target
LDHA,Research target
PTK2,Clinical Trial target
TAT,Clinical Trial target
NUF2,Research target
PHGDH,Research target
GABRQ,Research target
COL1A2,Clinical Trial target
CETP,Clinical Trial target
TNFRSF18,Clinical Trial target
ATP2A2,Clinical Trial target
INFLU,Research target
F11R,Research target
C5AR1,Clinical Trial target
UCHL5,Patented target
GHR,Clinical Trial target
PTGER1,Clinical Trial target
DAGLB,Research target
IRS1,Research target
HNF4A,Research target
SLCO2A1,Patented target
TRM1,Research target
CATSPER3,Research target
SERPINE1,Clinical Trial target
MMUT,Successful target
HTR5A,Successful target
ADIPOQ,Research target
NPEPPS,Clinical Trial target
TTBK1,Research target
CALCA,Research target
CASP8,Patented target
CDK11B,Research target
TP53,Clinical Trial target
BAZ2B,Research target
PDK1,Patented target
KLRC1,Clinical Trial target
KCNK3,Clinical Trial target
SMYD2,Research target
F11,Clinical Trial target
HRC,Research target
SLC6A17,Research target
BRCA2,Research target
TEC,Patented target
UMPS,Research target
DPP8,Clinical Trial target
PRTN3,Clinical Trial target
CMKLR1,Research target
ZNF202,Research target
CCR1,Clinical Trial target
ALOX15,Patented target
ONCHOC,Successful target
NOS1,Clinical Trial target
GAST,Clinical Trial target
ICOSLG,Clinical Trial target
MPL,Successful target
E2F2,Research target
ULK3,Research target
SMO,Patented target
TRPC2,Research target
ARRB2,Research target
CCL5,Clinical Trial target
MUC5AC,Research target
PIN1,Clinical Trial target
GJB3,Research target
GPR32,Research target
IL1A,Clinical Trial target
PTPN1,Clinical Trial target
GJA8,Research target
MYCB,Research target
SGCG,Research target
CDKN2A,Research target
CDKN1C,Research target
TNF,Discontinued target
FASN,Successful target
EGFR,Patented target
P2RY14,Research target
ANXA8,Research target
PIM3,Research target
CD66E,Clinical Trial target
VCL,Clinical Trial target
TRPM1,Research target
SSTR1,Successful target
CGA,Research target
RET,Patented target
DGAT1,Successful target
HTR6,Clinical Trial target
V-ATPASE-A,Research target
DLK1,Clinical Trial target
DNASE1L3,Clinical Trial target
PC,Successful target
XIAP,Clinical Trial target
DIO1,Successful target
ECE2,Research target
PRMT1,Research target
CDH2,Clinical Trial target
G3BP1,Research target
CCL11,Clinical Trial target
CTSE,Research target
KAT2B,Research target
CNTLN,Research target
CA12,Successful target
FER,Research target
IGFBP5,Research target
KDM4E,Patented target
TOP2A,Clinical Trial target
USP5,Research target
ITGAE,Research target
RET,Patented target
P2RX3,Clinical Trial target
MAP2K5,Research target
LEPR,Successful target
GSTA1,Research target
PARP3,Patented target
TRM1,Clinical Trial target
FUS,Clinical Trial target
RET,Patented target
RHCG,Research target
DUSP10,Research target
DHFR,Successful target
FUNG,Research target
SQSTM1,Research target
GP1BA,Clinical Trial target
HNMT,Successful target
RPE65,Clinical Trial target
POTEKP,Clinical Trial target
S1PR4,Research target
STK33,Research target
ENK,Research target
RET,Patented target
KCNA5,Successful target
HTRA1,Research target
ERN1,Research target
HP,Clinical Trial target
KCNJ6,Research target
PLAU,Successful target
PGRMC1,Research target
PDE9A,Clinical Trial target
PGA5,Research target
RET,Patented target
PDK2,Research target
FYN,Successful target
EZH1,Clinical Trial target
CR2,Clinical Trial target
RET,Patented target
CAMK2B,Clinical Trial target
LATS2,Research target
EPHA5,Research target
HSP90AA1,Successful target
CD274,Patented target
BAGE,Research target
HCOV,Research target
LPAR5,Research target
FGF1,Clinical Trial target
MGLL,Clinical Trial target
MUC1,Clinical Trial target
KDM7A,Research target
GJA4,Research target
KISS1,Clinical Trial target
PTGER4,Clinical Trial target
KDM4A,Patented target
GNRH1,Successful target
CD3G,Clinical Trial target
PKD2,Research target
MPIP3,Research target
CCNE2,Research target
BMP10,Research target
GANAB,Clinical Trial target
PYGL,Patented target
SLC46A1,Successful target
CYP2C9,Successful target
IL21R,Clinical Trial target
LIPG,Clinical Trial target
FG,Successful target
HPGDS,Successful target
KCNA2,Research target
INFLU,Research target
ADCY5,Research target
OSM,Clinical Trial target
OGA,Clinical Trial target
IL2RB,Clinical Trial target
CSF3,Successful target
GUCY2D,Successful target
MAP3K9,Clinical Trial target
GH1,Clinical Trial target
FGF7,Clinical Trial target
BCL2L1,Research target
CRTC1,Research target
STAT5B,Patented target
ERG1,Research target
BRSK1,Research target
TNF,Successful target
TNNI3,Research target
LTB,Research target
KCNH2,Successful target
HAX1,Research target
EML4,Research target
ATG7,Research target
NPY5R,Discontinued target
CSF1R,Clinical Trial target
PRCP,Patented target
CA2,Successful target
CLCN6,Research target
RALBP1,Research target
ALAD,Successful target
DYRK4,Research target
POLG,Research target
CCR8,Discontinued target
PDE7B,Discontinued target
STAT6,Research target
STRE,Research target
CASP6,Patented target
ADM,Research target
PRKACA,Research target
CHRM4,Successful target
EIFK,Research target
VEGFA,Successful target
PFK/FBPASE,Research target
IDH2,Successful target
PDPK1,Clinical Trial target
BUB1,Research target
NPSR1,Patented target
CDK5,Patented target
AVP,Research target
CD8A,Clinical Trial target
NOD1,Research target
EPAS1,Clinical Trial target
MALARIA,Clinical Trial target
MAPKAPK2,Clinical Trial target
TNFSF11,Successful target
PDE3B,Research target
CD46,Research target
CHRNA10,Clinical Trial target
BBC3,Research target
FABP5,Patented target
RASA1,Research target
CLK3,Research target
NUAK1,Research target
MTR,Research target
GSTP1,Clinical Trial target
GLA,Successful target
HTT,Research target
APOE,Clinical Trial target
FBXW7,Research target
MSI1,Research target
PCNA,Clinical Trial target
TRYPANO,Research target
SELPLG,Clinical Trial target
CEACAM3,Successful target
EPHB1,Successful target
ANGPT2,Clinical Trial target
PTH2R,Clinical Trial target
IL17A,Successful target
GREM1,Patented target
ADAM11,Research target
DRD1,Successful target
GAD2,Clinical Trial target
PMFBP1,Research target
FCGR2A,Successful target
HDAC6,Clinical Trial target
ICA1,Research target
GRIN2A,Successful target
NPR1,Research target
SLC12A5,Research target
AKT1,Research target
BRIP1,Research target
BACT,Successful target
ENG,Clinical Trial target
NELL1,Research target
PSEUDO,Clinical Trial target
HTT,Patented target
MFGE8,Research target
REL,Research target
SLC5A4,Clinical Trial target
LEISHM,Research target
FUNG,Research target
BODV,Research target
MADCAM1,Clinical Trial target
CXCL8,Successful target
SLC11A2,Research target
TEP1,Research target
CELA1,Successful target
PGR,Successful target
TAP1,Research target
CDK3,Clinical Trial target
TK1,Research target
SOD1,Clinical Trial target
TGFB3,Clinical Trial target
HAMP,Clinical Trial target
GSN,Research target
PMFBP1,Clinical Trial target
PSEUDO,Clinical Trial target
CYP11A1,Successful target
JAK3,Successful target
NR0B1,Research target
CD14,Clinical Trial target
MAPK3,Clinical Trial target
GALNS,Successful target
GABRE,Research target
TAT,Clinical Trial target
IL1R2,Clinical Trial target
VWF,Clinical Trial target
ITGB3,Discontinued target
APP,Research target
TTR,Successful target
GADD45A,Research target
EBV,Successful target
MPO,Clinical Trial target
STEAP2,Research target
MYCB,Research target
EDNRA,Successful target
PRKG2,Research target
MTA1,Research target
CCN6,Research target
AHR,Successful target
RAF1,Clinical Trial target
BACT,Research target
BDKRB2,Successful target
ROBO4,Research target
TESK2,Research target
PFKFB3,Clinical Trial target
IL33,Clinical Trial target
HAE-INFLU,Research target
CCL23,Research target
PSCA,Clinical Trial target
BRD7,Research target
PRKCQ,Clinical Trial target
CCK,Research target
PYY,Clinical Trial target
SERPING1,Successful target
MALARIA,Research target
BACT,Research target
LIPA,Successful target
F2RL2,Research target
CAD,Research target
ADRB2,Clinical Trial target
MGMT,Clinical Trial target
RENBP,Research target
ACR,Research target
PTBP1,Research target
HAE-INFLU,Clinical Trial target
BACT,Successful target
TRIP12,Research target
STRE-COC,Research target
CACNA1D,Clinical Trial target
TNFRSF11A,Research target
GJB6,Research target
KDM1B,Patented target
PROC,Successful target
WEEV,Research target
CACNA1S,Research target
INFLU,Research target
SLC10A2,Clinical Trial target
DRD4,Successful target
BTK,Successful target
EDN1,Research target
PMFBP1,Research target
GGT7,Research target
TAT,Research target
CPS1,Successful target
BACT,Research target
RNASEL,Research target
TRM1,Research target
ABCB1,Successful target
EZH2,Clinical Trial target
RORC,Clinical Trial target
CBL,Research target
CXCR3,Discontinued target
EBP,Clinical Trial target
KDM3A,Research target
DICER1,Research target
KMT2A,Research target
PPP3CA,Successful target
FFAR1,Clinical Trial target
LOXL2,Clinical Trial target
TNNI1,Research target
HOXA13,Research target
CS,Research target
HMOX1,Clinical Trial target
FPR3,Research target
GPC3,Clinical Trial target
SLC29A4,Research target
SLC39A6,Clinical Trial target
MALARIA,Research target
PPIB,Successful target
TRPC3,Research target
GRHL2,Research target
CASP6,Research target
EP300,Research target
GPR87,Research target
MYCB,Research target
FGG,Research target
ICAM1,Successful target
PRLR,Clinical Trial target
BGN,Research target
HOXA7,Research target
PSEUDO,Research target
GABRA5,Successful target
MYCB,Research target
ITGB3,Research target
POLA1,Discontinued target
HRH4,Clinical Trial target
LCT,Research target
AKR1B1,Successful target
TBX21,Research target
NUDT3,Research target
BACT,Research target
NCOA3,Research target
PLCB1,Research target
CO3,Clinical Trial target
GAD1,Research target
HSD17B10,Research target
TP53BP1,Research target
MALARIA,Research target
GRM1,Discontinued target
SCUBE2,Research target
STRE-COC,Clinical Trial target
SRD5A,Successful target
CDK20,Research target
CAMJU,Research target
GABRD,Successful target
S100A8,Research target
APC2,Research target
BACT,Successful target
ACTG1,Research target
BRPF3,Research target
VARV,Successful target
CDK18,Research target
TACC3,Research target
PRSS1,Successful target
GDF2,Clinical Trial target
CXCL13,Research target
PAF1,Clinical Trial target
PIGL,Research target
SLC6A4,Successful target
SNCA,Research target
MAD1L1,Research target
SPTBN1,Clinical Trial target
CRBN,Clinical Trial target
ACE2,Clinical Trial target
DDX5,Clinical Trial target
NPY4R,Clinical Trial target
CACNA2D3,Research target
GJB1,Research target
BACT,Successful target
RECK,Research target
FOS,Research target
RPS6KA3,Patented target
KDM5A,Research target
FGF4,Successful target
CACNA2D2,Research target
BACT,Research target
FFAR2,Clinical Trial target
KIR3DL2,Clinical Trial target
GCH1,Clinical Trial target
SERPINA1,Successful target
MCOLN1,Research target
CCKAR,Clinical Trial target
E2F3,Research target
CDH11,Clinical Trial target
EPHA3,Clinical Trial target
EPHA1,Research target
DUSP8,Research target
KIF11,Clinical Trial target
MYCB,Research target
RPP14,Discontinued target
EGFL6,Research target
TUBB2A,Successful target
LPL,Successful target
CASP8,Research target
CHEK2,Clinical Trial target
TNFRSF12A,Clinical Trial target
GABRG3,Successful target
E2F1,Research target
DEK,Research target
KCNC3,Research target
BACT,Successful target
HDAC8,Patented target
CHRM1,Successful target
IDS,Successful target
SOD1,Clinical Trial target
FES,Research target
HNRNPA2B1,Research target
STAT3,Successful target
IL13,Clinical Trial target
RERE,Clinical Trial target
CD80,Research target
POSTN,Research target
DDX58,Clinical Trial target
DNMT3A,Patented target
NME9,Research target
FGF14,Research target
ADRA1B,Successful target
TMBIM6,Research target
RUNX3,Research target
KCNC4,Research target
BACT,Research target
GLI2,Research target
SCN2A,Research target
TACR3,Clinical Trial target
PLAC1,Research target
CSNK1G3,Research target
LAMB3,Clinical Trial target
NOX4,Clinical Trial target
MAPKAPK5,Discontinued target
LIF,Research target
PAX5,Research target
PMFBP1,Research target
ITGA5,Clinical Trial target
WT1,Clinical Trial target
VAMP1,Successful target
STC1,Research target
VEGFB,Successful target
TK1,Successful target
ACHE,Successful target
SLC5A2,Successful target
SLC1A6,Research target
PSEUDO,Research target
C3AR1,Research target
IFNGR2,Successful target
HCN4,Research target
VIRU,Research target
RHD,Clinical Trial target
TRYPANO,Successful target
INFLUENZA,Research target
F2RL3,Research target
KMT5A,Research target
SIK2,Research target
MCM6,Research target
LTB4R2,Clinical Trial target
MYCB,Successful target
GJA3,Research target
CXCL10,Clinical Trial target
PCAT1,Successful target
ERG1,Research target
NR3C1,Clinical Trial target
SCAF11,Research target
KNG1,Clinical Trial target
AIF1,Research target
THBS1,Clinical Trial target
CRACM,Clinical Trial target
CALY,Discontinued target
NR3C1,Patented target
SPTC,Research target
MPIP1,Research target
NEK6,Research target
CALCR,Discontinued target
SLC38A1,Research target
GRB2,Clinical Trial target
MYCB,Successful target
HSPE1,Clinical Trial target
PAG,Successful target
HRH2,Successful target
MAP2K2,Research target
OR51E2,Research target
LAMP1,Research target
EIF4E,Research target
HTR2B,Successful target
GPR3,Research target
BACT,Successful target
MYCB,Research target
BCL2,Successful target
LEISHM,Clinical Trial target
TFDP3,Successful target
HCK,Research target
MYCB,Research target
PLA2G1B,Successful target
GAA,Clinical Trial target
APOC3,Clinical Trial target
ST14,Research target
SCGB2A2,Research target
INFLU,Successful target
PKN3,Clinical Trial target
LAPTM4B,Research target
FGF2,Successful target
CDK1,Research target
TCF3,Research target
MALARIA,Research target
SLC1A1,Research target
MALARIA,Successful target
SLC16A3,Research target
ADAM2,Research target
ITGA1,Clinical Trial target
HBB,Clinical Trial target
KCNA10,Research target
ADAM10,Clinical Trial target
SLC36A1,Research target
ENPEP,Clinical Trial target
SPHK2,Clinical Trial target
CA-XIV,Successful target
HTR2A,Successful target
CNGB3,Research target
SLC8B1,Research target
IL15,Clinical Trial target
CALCR,Successful target
CALCRL,Clinical Trial target
PRL,Discontinued target
MALARIA,Research target
MED28,Clinical Trial target
INFLU,Successful target
MRC2,Research target
CATSPER1,Research target
CABC1,Research target
BACT,Research target
LEISHM,Research target
IL6,Successful target
TXK,Research target
FOSL2,Research target
MBL2,Research target
KIR2DS1,Clinical Trial target
AAK1,Clinical Trial target
ASGR1,Clinical Trial target
LPAATB,Research target
NTF3,Discontinued target
EGLN1,Research target
LEISHM,Research target
CTCFL,Research target
SLC36A2,Research target
CYP51A1,Clinical Trial target
LGMN,Clinical Trial target
STAR,Research target
DAO,Clinical Trial target
BACT,Successful target
PCSK7,Research target
GDF15,Research target
MAS1,Research target
GOT1,Research target
EGF,Successful target
IGFBP3,Research target
STS,Successful target
BACT,Research target
TDP1,Patented target
TGFB1,Research target
GRIA1,Successful target
TRPC1,Research target
EBV,Clinical Trial target
CYP46A1,Clinical Trial target
MYCB,Research target
MYCB,Research target
MCL1,Successful target
IL17RA,Successful target
POLG,Research target
NMD,Research target
NPC1L1,Successful target
GPR17,Research target
RGS6,Research target
PDGFRB,Research target
L3MBTL3,Research target
CPA1,Research target
ABCB11,Research target
TFRC,Research target
CSF1,Clinical Trial target
SLCO2B1,Research target
POLG,Research target
SCN11A,Successful target
CNGA2,Clinical Trial target
VDR,Successful target
PPOX,Successful target
ERG1,Successful target
MMP13,Clinical Trial target
CAMP,Successful target
BACT,Research target
AGR2,Research target
FAAH1,Patented target
CX3CL1,Research target
FUNG,Research target
CHRNA7,Successful target
CPN1,Research target
PON1,Research target
PMFBP1,Research target
HAE-INFLU,Clinical Trial target
DYSF,Research target
MBNL2,Research target
MALARIA,Research target
GLP2R,Successful target
CACNA1A,Successful target
POLG,Clinical Trial target
BSG,Clinical Trial target
GEM,Clinical Trial target
VDAC2,Research target
HSPB8,Research target
BIRC3,Clinical Trial target
DUSP1,Clinical Trial target
TNFSF15,Research target
IL7,Clinical Trial target
S100A4,Research target
BACT,Research target
MAP3K6,Research target
KLRK1,Clinical Trial target
PAH,Clinical Trial target
VTCN1,Research target
SMAD3,Successful target
SLC19A1,Successful target
KRAS,Research target
NRAS,Clinical Trial target
ALOX12,Research target
ALPG,Research target
NECTIN4,Clinical Trial target
ITGAL,Successful target
P2RY13,Research target
EPHX2,Clinical Trial target
MLH1,Research target
BRD1,Research target
MSI2,Discontinued target
MMP16,Research target
MALARIA,Research target
MC1R,Clinical Trial target
SFTPD,Research target
MAP2K1,Clinical Trial target
PDX1,Research target
SLCO4C1,Successful target
ADORA3,Clinical Trial target
GLP1R,Successful target
MYC,Research target
PLAUR,Research target
KCNU1,Research target
H1-3,Research target
TXNDC12,Research target
CRHBP,Research target
AMHR2,Research target
PCSK1,Research target
HAL,Research target
AICDA,Clinical Trial target
F2R,Successful target
HELPY,Research target
PPARD,Clinical Trial target
CD163,Research target
MAPKAPK3,Research target
PADI3,Research target
PRKAR1A,Research target
CYP2A5,Research target
EBV,Research target
CPB1,Research target
CYBB,Research target
MDM4,Clinical Trial target
ARG2,Clinical Trial target
KLK3,Clinical Trial target
ACVRL1,Clinical Trial target
BLVRA,Successful target
FASLG,Research target
CTSA,Clinical Trial target
DDIT4,Clinical Trial target
ST3GAL5,Research target
MYCBP,Clinical Trial target
MALARIA,Research target
GPR12,Research target
PASK,Research target
SLC23A1,Successful target
CDK1,Research target
STK38L,Research target
RNF7,Research target
PROM1,Clinical Trial target
GPR88,Research target
F5,Successful target
CD22,Successful target
CA7,Patented target
CNR2,Successful target
GLUL,Discontinued target
APCS,Clinical Trial target
NPR2,Clinical Trial target
PAP,Successful target
CYP3A4,Clinical Trial target
POLG,Clinical Trial target
SYK,Clinical Trial target
PAK1,Research target
CARB,Research target
KCNJ3,Research target
IRF3,Research target
CSPG4,Research target
CRYPTO,Successful target
TNKS2,Patented target
RBP5,Research target
CAMKK1,Research target
SLCO1C1,Research target
TFF1,Clinical Trial target
ANXA1,Successful target
PNPLA6,Research target
PMFBP1,Successful target
VANGL1,Research target
MRGPRX2,Research target
SLC6A11,Clinical Trial target
PTEN,Research target
ABL1,Successful target
RRM2,Successful target
RGS2,Research target
CACNA1B,Successful target
FOXQ1,Research target
S100A9,Clinical Trial target
ZEB2,Research target
LY9,Research target
PTGER2,Successful target
PCSK5,Research target
HGFAC,Research target
CRYAA,Research target
CRYBB1,Research target
DFFA,Research target
GJB7,Research target
LPA,Clinical Trial target
PRKAB1,Clinical Trial target
PSEUDO,Research target
CD33,Successful target
ETS1,Research target
PLD1,Research target
DUT,Clinical Trial target
TAT,Successful target
KISS1R,Discontinued target
NCOA4,Research target
KLK14,Patented target
TNKS,Patented target
GAPDH,Clinical Trial target
LPAR2,Research target
DYRK2,Patented target
SUV39H1,Research target
PDE7A,Discontinued target
SNAP91,Successful target
SLC47A1,Successful target
CEL,Clinical Trial target
HLA-DQB2,Research target
NEK7,Research target
NSP4,Research target
SCN5A,Successful target
CUL7,Research target
FZD7,Clinical Trial target
SDHD,Research target
CDKN1A,Research target
ABCC4,Research target
HSPB1,Clinical Trial target
MIF,Clinical Trial target
EHMT1,Research target
KLK1,Research target
EGFL7,Clinical Trial target
NR3C1,Successful target
RRM1,Discontinued target
MAPK8,Clinical Trial target
CTSH,Research target
IMPDH1,Successful target
PRKCH,Research target
SCYL1,Clinical Trial target
CERK,Research target
PRKCB,Clinical Trial target
ATG2B,Research target
ELANE,Clinical Trial target
IL13RA2,Clinical Trial target
MET,Successful target
MMP10,Research target
NCR1,Research target
PPP2CA,Clinical Trial target
POLG,Successful target
TGFA,Research target
SLC27A4,Research target
POLG,Successful target
BRD4,Clinical Trial target
RASGRF1,Research target
HSD3B2,Research target
CB,Research target
PLK1,Clinical Trial target
PMFBP1,Successful target
FAM83D,Research target
LGALS2,Research target
BACT,Discontinued target
FUNG,Clinical Trial target
MTAP,Research target
ATP1A1,Successful target
PARP2,Patented target
TIGIT,Clinical Trial target
GLI1,Patented target
POLG,Clinical Trial target
XDH,Successful target
EPAS1,Clinical Trial target
ADGRB1,Research target
RABL3,Research target
NR4A1,Research target
CTSL,Clinical Trial target
BRPF1,Research target
IL27,Research target
HMGCS1,Research target
DPEP1,Successful target
SRSF10,Successful target
BACT,Research target
FGFR4,Clinical Trial target
EGFR,Clinical Trial target
ADRA2B,Successful target
ARRB1,Research target
MALARIA,Research target
CSNK1G1,Research target
GIPR,Clinical Trial target
IRAK4,Research target
FUNG,Clinical Trial target
TRPM8,Successful target
NKX3-1,Research target
IL1B,Successful target
NCL,Research target
SGPP1,Research target
ESRRB,Research target
BRD3,Clinical Trial target
GNE,Clinical Trial target
PSEUDO,Research target
MAP3K19,Patented target
BIRC7,Patented target
EPX,Research target
YP,Research target
METAP1,Research target
BACT,Successful target
GRIA2,Successful target
HYPRU,Research target
HAMP,Research target
GABBR,Successful target
DCLK1,Research target
BACT,Clinical Trial target
NME1,Research target
USP7,Patented target
KCNN4,Clinical Trial target
FECH,Successful target
TAT,Research target
MAGEA1,Clinical Trial target
TRM1,Research target
PSEUDO,Clinical Trial target
GPR101,Research target
NEDD9,Research target
FGF21,Clinical Trial target
TLR1,Patented target
GAS6,Research target
GSTA3,Research target
NEK1,Research target
DPP10,Research target
PTPRC,Clinical Trial target
RORA,Research target
KLK8,Research target
HPV-18,Research target
F7,Successful target
IL12RB2,Research target
CLCN7,Research target
BCL6,Research target
SLC7A1,Research target
FGFBP1,Research target
RUNX1,Research target
TLR5,Clinical Trial target
HSD11B2,Clinical Trial target
SCN10A,Successful target
POLG,Research target
PHLDB3,Research target
C1QB,Research target
TIRAP,Patented target
GLMN,Research target
VIRU,Research target
TAT,Research target
DEFB4A,Research target
FST,Research target
TNFRSF11B,Research target
RNU1-1,Clinical Trial target
AQP1,Research target
ADRB1,Successful target
ANGPT1,Clinical Trial target
TICAM1,Patented target
ALDH2,Clinical Trial target
HP59,Research target
CDKL2,Research target
MUSK,Research target
CDK9,Clinical Trial target
GJA1,Clinical Trial target
CD66C,Research target
MYCB,Research target
KCNB1,Research target
IL19,Research target
SH2B3,Research target
CSF2RB,Clinical Trial target
MALARIA,Research target
ZFP36L1,Research target
IL22,Clinical Trial target
NOTCH3,Clinical Trial target
TGFB2,Clinical Trial target
TDO2,Patented target
VEGFA,Research target
PRKCD,Clinical Trial target
POLG,Clinical Trial target
EED,Clinical Trial target
GCG,Clinical Trial target
RIC8B,Research target
VCAM1,Research target
SERPINB3,Research target
CRAT,Discontinued target
TREM2,Research target
SERPINB2,Clinical Trial target
FUNG,Research target
GRN,Research target
MBOAT4,Patented target
CRHR1,Successful target
DNPEP,Clinical Trial target
AHSG,Research target
PLAT,Successful target
BTG1,Research target
CSF2RB,Research target
PAP,Research target
NPM1,Clinical Trial target
MAPT,Clinical Trial target
PGC,Research target
CD276,Clinical Trial target
TMEM97,Clinical Trial target
FCAR,Discontinued target
CDKN2C,Research target
CD40,Clinical Trial target
PMS1,Research target
NCOA4,Research target
BACT,Research target
RNF43,Clinical Trial target
MAP4K3,Research target
F11,Clinical Trial target
TG,Research target
TNFSF10,Clinical Trial target
FOXC2,Research target
PMEL,Clinical Trial target
CHRM2,Successful target
PMEL,Research target
BRD9,Research target
QPCT,Clinical Trial target
SLC3A2,Clinical Trial target
AOAH,Research target
SIGMAR1,Successful target
MPIP2,Clinical Trial target
GJE1,Research target
RXRG,Successful target
MALARIA,Research target
TLR7,Successful target
IARS1,Research target
AR,Clinical Trial target
TNFSF12,Clinical Trial target
BACT,Patented target
HAAO,Research target
CDCA8,Research target
CPE,Research target
BACT,Clinical Trial target
MTTP,Successful target
ALOX5AP,Discontinued target
CLK1,Patented target
MAP3K8,Research target
PLA2R1,Patented target
AURKB,Clinical Trial target
SERPINE1,Research target
SLCO1B1,Research target
SCGB1D2,Research target
DRD5,Successful target
MSH2,Research target
INPP5D,Clinical Trial target
SCT,Successful target
EIF5A,Research target
P2RY12,Successful target
PPIA,Successful target
HPV,Discontinued target
TACR1,Successful target
ABCG1,Research target
FGFR1,Successful target
PRKCG,Successful target
STK4,Research target
SREBF1,Research target
SLC37A4,Research target
ARF1,Research target
ACVR2A,Clinical Trial target
BCL2,Clinical Trial target
HLA-B,Clinical Trial target
BACE2,Research target
HMBS,Clinical Trial target
NCF1,Research target
SLC1A7,Research target
AMOT,Research target
MALARIA,Research target
ACVR1B,Research target
IL11RA,Successful target
HPSE,Successful target
LTK,Research target
CUBN,Research target
CHMP4B,Research target
OPN4,Successful target
SLC6A14,Research target
EPCAM,Clinical Trial target
TDGF1,Clinical Trial target
PRKD1,Research target
S1PR2,Research target
GNG7,Research target
GJA5,Research target
CLCA1,Research target
XPA,Research target
IGF1R,Successful target
HMGA2,Research target
CXCR1,Research target
MTNR1B,Successful target
HPIV,Research target
SLC7A5,Research target
RNASE2,Research target
IL15RA,Clinical Trial target
CR1,Clinical Trial target
SPDEF,Research target
PSEUDO,Research target
ARRB1,Research target
KRAS,Clinical Trial target
EIF4E,Research target
TLR8,Clinical Trial target
CD69,Research target
MAP3K1,Research target
RORB,Research target
SLC18A2,Successful target
TNFSF14,Research target
TERT,Successful target
PS,Patented target
LIPF,Clinical Trial target
UTS2R,Clinical Trial target
KCNC1,Research target
SOX5,Research target
NEK2,Research target
DRA,Clinical Trial target
GABRP,Research target
ABCA4,Clinical Trial target
PRKCD,Research target
NOTCH4,Clinical Trial target
HBA,Successful target
EPHB4,Clinical Trial target
PTN,Research target
KCNQ1,Successful target
TESK1,Research target
LIN-28A,Research target
MYCB,Research target
OLR1,Discontinued target
HSP70,Clinical Trial target
FUNG,Research target
CD6,Clinical Trial target
LRP6,Research target
ELP1,Research target
CDK1,Clinical Trial target
FGR,Research target
BACT,Research target
TGFBR2,Clinical Trial target
BRD2,Research target
MSR1,Research target
PDCD1LG2,Patented target
CLCN2,Successful target
PLP2,Research target
S1PR5,Clinical Trial target
RSK5,Research target
GLRA1,Successful target
PADI4,Research target
CCN2,Clinical Trial target
CD40,Research target
MALARIA,Research target
CD9,Research target
MYCB,Research target
BPI,Clinical Trial target
PIM1,Clinical Trial target
CD40LG,Research target
GPIIB/IIIA,Successful target
LTBR,Clinical Trial target
HLA-DQA1,Research target
DPP7,Research target
SEMA4D,Clinical Trial target
CD86,Successful target
PPM1D,Research target
NGFR,Successful target
ECE1,Research target
KMO,Patented target
MYCB,Research target
NTRK3,Successful target
EIF2AK2,Research target
CACNA1C,Successful target
TPO,Successful target
FUT4,Successful target
HDAC2,Clinical Trial target
IL21,Clinical Trial target
CLDN4,Research target
ROCK1,Successful target
BACT,Research target
TLV,Research target
FFAR4,Patented target
XPO1,Clinical Trial target
ADRB3,Successful target
VEGFC,Clinical Trial target
NR1H4,Successful target
GABRA2,Successful target
CNP,Research target
GABRA1,Successful target
GM2A,Clinical Trial target
CSNK2A1,Clinical Trial target
MCAM,Research target
TPH1,Successful target
CHIA,Research target
ATP4A,Successful target
NPY,Research target
MAGEA3,Clinical Trial target
IL16,Research target
CEBPB,Research target
HIF1A,Clinical Trial target
GATA4,Research target
VIRU,Research target
ZHX2,Clinical Trial target
PMFBP1,Research target
TLR6,Clinical Trial target
SLC15A2,Research target
LBP,Research target
HERSTATIN,Research target
SLC26A9,Research target
ASPH,Research target
ENAC,Successful target
MALARIA,Research target
ACLY,Research target
ERG1,Successful target
NR1H3,Research target
ZHX2,Clinical Trial target
LY96,Research target
NQO1,Clinical Trial target
MTM1,Research target
PPID,Research target
PLXNB2,Successful target
MAP3K2,Research target
VIRU,Research target
ADRB2,Successful target
MTDH,Research target
CHN2,Research target
MTF1,Research target
ERG1,Research target
MYCB,Research target
FCGR2B,Research target
WNK1,Research target
MAP4,Research target
LPA,Clinical Trial target
PAGE5,Research target
MYCB,Successful target
TACR2,Clinical Trial target
JAG2,Research target
YWHAH,Research target
RGS16,Research target
OPRL1,Clinical Trial target
GJB1,Research target
AGRP,Clinical Trial target
SLC52A2,Research target
CRP,Clinical Trial target
SSTR2,Successful target
TNFRSF1B,Research target
UNC13B,Research target
NAGLU,Successful target
MTMR1,Research target
ANGPTL3,Clinical Trial target
MAP2K7,Research target
KCNJ9,Research target
MYCB,Research target
EHMT2,Research target
GDNF,Research target
BMP1,Research target
CA4,Successful target
ADRA1D,Successful target
TGFBR1,Clinical Trial target
WNK3,Research target
CASP4,Patented target
KIR2DL3,Clinical Trial target
MALARIA,Research target
GSTA2,Research target
PDGFRA,Successful target
XRCC5,Research target
BACT,Research target
HMGCR,Successful target
BACT,Research target
ERG1,Research target
KLK6,Research target
HBV,Clinical Trial target
CRLF2,Research target
COP1,Research target
MALARIA,Successful target
FAP,Clinical Trial target
H2AZ1,Research target
HPV,Clinical Trial target
PSMD10,Research target
PMVK,Research target
POLG,Discontinued target
EGLN2,Clinical Trial target
HIPK2,Research target
CXCR6,Research target
RS1,Research target
LYVE1,Successful target
BACT,Research target
TBXT,Clinical Trial target
KCNQ3,Clinical Trial target
MMP9,Clinical Trial target
ANG,Research target
GPI,Research target
ERG1,Clinical Trial target
SERPINF1,Clinical Trial target
SLAMF6,Research target
KRT19,Research target
MALARIA,Research target
SLC15A3,Research target
NF2,Clinical Trial target
MYCB,Research target
NAMPT,Clinical Trial target
PMFBP1,Clinical Trial target
CACNA1H,Successful target
TCF7L2,Research target
BACT,Research target
MBP,Clinical Trial target
SLC5A1,Clinical Trial target
RRM2,Research target
KIR2DL2,Clinical Trial target
IGKV2D-28,Discontinued target
PS,Patented target
SLC6A7,Research target
NUAK2,Research target
KCNQ5,Research target
ASIC1,Successful target
KSHV,Research target
IFNL3,Research target
H2AX,Research target
PPM1A,Clinical Trial target
DLL4,Clinical Trial target
GLRA1,Successful target
ITGA2,Clinical Trial target
NPPB,Research target
IRAK4,Clinical Trial target
CSF1R,Research target
MYCB,Research target
SAA1,Research target
NRN1,Research target
HIF1A,Clinical Trial target
MMP17,Research target
CFTR,Successful target
PLEKHA5,Research target
LIPE,Successful target
RBP4,Research target
CHKA,Clinical Trial target
GRAP2,Clinical Trial target
MERTK,Clinical Trial target
CHRNA2,Successful target
ERG1,Research target
MALARIA,Research target
TNFRSF4,Clinical Trial target
INFLU,Research target
KCNQ4,Research target
AMD1,Successful target
SLC19A3,Research target
MYCB,Clinical Trial target
POU5F1P4,Research target
GRM6,Research target
SLC6A3,Successful target
STRE-COC,Research target
PS,Patented target
CGK,Research target
UCHL1,Research target
KDM6B,Research target
SERPINH1,Research target
TRIM24,Research target
EPHB3,Research target
GPR35,Research target
LSS,Research target
ASAP3,Research target
TPP1,Successful target
IAPP,Research target
HCAR1,Research target
HOXA11,Research target
IL11,Clinical Trial target
SLC44A4,Clinical Trial target
CD19,Successful target
ALK,Successful target
TNFAIP3,Research target
PNMT,Research target
CCN1,Research target
BCL-XL,Clinical Trial target
HBV,Successful target
APOA1,Clinical Trial target
ABCG2,Successful target
GLUN2D,Research target
TPP2,Discontinued target
TAT,Research target
DKK1,Clinical Trial target
KDM5B,Research target
TAT,Successful target
CXCR2,Successful target
GPA33,Clinical Trial target
EPHA7,Research target
ICAM1,Successful target
PTPRB,Clinical Trial target
ZUP1,Patented target
E2F1,Clinical Trial target
GRK3,Research target
TRM1,Discontinued target
MRGPRX1,Research target
EPHA2,Clinical Trial target
PPP2R5A,Research target
TAT,Research target
SLK,Research target
SMPD2,Research target
TAT,Clinical Trial target
GMNN,Research target
CYP2D6,Successful target
APEH,Research target
IL4R,Research target
BACT,Clinical Trial target
CNTN2,Research target
KCNK9,Research target
INFLU,Clinical Trial target
GCLC,Successful target
KIT,Successful target
MAGEC2,Clinical Trial target
PMFBP1,Research target
RNPEP,Research target
LY6K,Research target
CD160,Research target
FIP1,Research target
CASP3,Clinical Trial target
LILR5,Research target
MMP2,Research target
B2M,Research target
PMFBP1,Clinical Trial target
LPAR4,Research target
GRIK2,Research target
MUC15,Research target
CD80,Successful target
TPCN1,Research target
EPHA8,Research target
ENTPD1,Patented target
PPME1,Patented target
RHOB,Research target
CNTN1,Research target
SCN1A,Research target
CDK7,Clinical Trial target
FGFR2,Successful target
ENSA,Research target
CCNA2,Research target
RHOA,Research target
VEGFA,Research target
FOS,Research target
TRPV3,Clinical Trial target
OLFM4,Research target
STC2,Research target
BDKRB1,Clinical Trial target
APEL,Research target
SMPD4,Discontinued target
SCN8A,Clinical Trial target
MTOR,Clinical Trial target
SLC12A4,Research target
TRH,Clinical Trial target
PPARA,Successful target
SRPK2,Research target
SLC6A5,Research target
HTR3B,Discontinued target
MAPK1,Clinical Trial target
OPRD1,Successful target
FCGR3A,Clinical Trial target
ABAT,Successful target
CYP11B2,Clinical Trial target
CD209,Research target
PDGFRB,Successful target
CD58,Successful target
BACT,Research target
PINX1,Research target
PRKCZ,Research target
HSD17B4,Research target
PLK1,Clinical Trial target
EGFR,Successful target
TRBV16,Research target
SORD,Research target
JIP1,Patented target
BIRC3,Research target
ZFAND5,Research target
SLC1A5,Research target
PDGFC,Research target
PKMYT1,Research target
IGF2R,Clinical Trial target
MCYB,Research target
GPR183,Research target
GHSR,Successful target
LTB4R,Clinical Trial target
RPL17-C18orf32,Successful target
PLK2,Research target
HTR4,Successful target
MECP2,Research target
ERG1,Research target
FHIT,Successful target
BACT,Research target
PPP1CA,Successful target
GPNMB,Research target
ESRRG,Research target
V1BR,Successful target
TYMP,Successful target
PKN1,Research target
COPS5,Research target
MAZ,Research target
RXRB,Successful target
SLC2A12,Research target
GCGR,Successful target
BMPR2,Research target
KCNH1,Research target
P2RX4,Clinical Trial target
TAAR5,Research target
ODC1,Successful target
CD1A,Successful target
PMFBP1,Research target
GP6,Clinical Trial target
SELL,Clinical Trial target
PTGS1,Successful target
TAT,Clinical Trial target
TSHR,Successful target
RET,Successful target
OGDH,Clinical Trial target
CLCN3,Research target
BIRC5,Research target
OPRK1,Successful target
CO5,Successful target
SOST,Clinical Trial target
HCRT,Research target
AKR1C3,Successful target
PTP4A2,Research target
IGF1,Clinical Trial target
TRPM6,Research target
CNTFR,Clinical Trial target
ITPR1,Research target
GRM7,Research target
GJB4,Research target
MALARIA,Clinical Trial target
GLA,Clinical Trial target
DHODH,Successful target
MELK,Clinical Trial target
SP1,Clinical Trial target
PMFBP1,Clinical Trial target
GUCY1B1,Clinical Trial target
MKI67,Research target
REN,Successful target
RARB,Successful target
XIAP,Clinical Trial target
IL2,Successful target
PTGDR2,Clinical Trial target
P4HA1,Clinical Trial target
PDE4A,Successful target
CTSB,Patented target
MYCB,Research target
ABCC2,Research target
IGFBP6,Research target
DAAM2,Research target
PS,Successful target
OAT,Research target
SLC6A1,Successful target
PAP,Clinical Trial target
DDC,Successful target
PCSK9,Successful target
IL25,Clinical Trial target
DHPS,Research target
IDO2,Patented target
GRIN1,Successful target
GABRA3,Successful target
MLNR,Clinical Trial target
TH,Successful target
GRIA3,Successful target
MALARIA,Research target
MANF,Research target
SYK,Successful target
CHEK1,Clinical Trial target
ERG1,Research target
JAK1,Successful target
GRK2,Research target
PAP,Discontinued target
KCNH3,Research target
ICOS,Clinical Trial target
STMN1,Clinical Trial target
PPIF,Research target
AKT1,Clinical Trial target
FGF10,Discontinued target
UGT2B7,Research target
GRM2,Clinical Trial target
SLC52A1,Patented target
SLC5A6,Successful target
POMC,Research target
SMC3,Research target
SSTR4,Clinical Trial target
BACT,Research target
SCARB1,Research target
TBK1,Patented target
ALB,Successful target
RAD51,Research target
BACT,Successful target
MALARIA,Research target
NR3C2,Research target
TNK2,Research target
DCLK2,Research target
MMP2,Patented target
BACT,Research target
OXGR1,Research target
P2RX7,Clinical Trial target
GPR132,Research target
G6PD,Successful target
MTTP,Successful target
ENPP2,Patented target
PLXDC1,Research target
HMGB1,Research target
PEDHC,Successful target
ADCY1,Successful target
TAOK3,Research target
SMC2,Research target
CORY,Research target
TRYPANO,Research target
VEGFD,Discontinued target
HDAC4,Clinical Trial target
IRAK1,Patented target
CDKL1,Research target
DAG1,Research target
BACT,Research target
IFNA2,Successful target
FLT1,Clinical Trial target
PLEKHM1,Successful target
KIF11,Clinical Trial target
KPNB1,Research target
MALARIA,Research target
DCPS,Clinical Trial target
SGK1,Research target
CRH,Research target
STAT1,Patented target
TRPV4,Clinical Trial target
CYP46A1,Discontinued target
FASLG,Research target
SGSM3,Successful target
IGFBP2,Research target
BACT,Successful target
AGT,Research target
BACT,Research target
PMFBP1,Clinical Trial target
ZAP70,Research target
CA9,Clinical Trial target
HTR3A,Successful target
ITGB8,Research target
IMP3,Research target
SGSH,Clinical Trial target
SGK1,Clinical Trial target
STRE-COC,Research target
FADS2,Research target
TNFRSF21,Research target
HRH3,Clinical Trial target
VDAC3,Clinical Trial target
CACNA1G,Successful target
SSTR5,Successful target
EGFR,Clinical Trial target
IGF1R,Research target
EBV,Clinical Trial target
HCN2,Research target
MMP14,Clinical Trial target
YOD1,Research target
NT5E,Clinical Trial target
TSPAN7,Research target
EPOR,Successful target
NRG1,Clinical Trial target
HSD11B1,Clinical Trial target
GPER1,Successful target
RHAG,Research target
POLG,Research target
ALDH3A2,Successful target
TAT,Successful target
CPM,Research target
DNMT3B,Clinical Trial target
KCNA6,Research target
ADH1A,Successful target
CX47,Research target
NISCH,Research target
RAC1,Research target
APLNR,Clinical Trial target
ERAP2,Research target
GRAP2,Clinical Trial target
CHUK,Research target
CLDN18,Clinical Trial target
PKM,Clinical Trial target
CD24,Research target
KCNB2,Research target
CFB,Discontinued target
MMP3,Research target
BACT,Successful target
BACT,Clinical Trial target
FLNA,Clinical Trial target
PEMT,Research target
AVPR2,Successful target
DPP9,Clinical Trial target
CD7,Clinical Trial target
RAB9A,Successful target
CFD,Clinical Trial target
EIF2AK4,Research target
CD34,Clinical Trial target
LILR3,Research target
SMO,Successful target
KCNMA1,Research target
TRPV1,Research target
PTGS2,Successful target
BACT,Research target
TNFRSF17,Clinical Trial target
MUTYH,Research target
FSCN1,Clinical Trial target
F13A1,Patented target
PARG,Research target
BACT,Research target
BKBETA4,Clinical Trial target
IL9,Clinical Trial target
CTSD,Clinical Trial target
ITGAV,Clinical Trial target
DRD2,Successful target
NR4A2,Research target
FCER2,Clinical Trial target
MBTPS1,Research target
STAB1,Research target
SERPIND1,Research target
ANPEP,Clinical Trial target
PMFBP1,Successful target
CAP1,Research target
ITGAV/B3,Clinical Trial target
STRE-COC,Clinical Trial target
EPRS1,Clinical Trial target
BACT,Research target
AKT1,Clinical Trial target
SLC2A4,Clinical Trial target
CHRM3,Successful target
PTH1R,Successful target
TPSD1,Research target
TKT,Research target
LTF,Clinical Trial target
CD70,Clinical Trial target
MGAT2,Patented target
P2RY1,Research target
STK39,Research target
PIK3CD,Successful target
GAL,Research target
DCN,Research target
TLR3,Clinical Trial target
BACT,Research target
BTLA,Patented target
CDH5,Research target
VCAM1,Research target
ERR1,Successful target
MYCB,Research target
LYN,Clinical Trial target
BTNL3,Research target
ADM2,Research target
HMGA1,Research target
JUN,Research target
CTLA4,Clinical Trial target
PSEUDO,Research target
MMP2,Successful target
MYCB,Successful target
RNF34,Research target
CTSS,Clinical Trial target
XPNPEP2,Research target
FSHR,Successful target
BMP2,Clinical Trial target
MMP21,Research target
SLC25A4,Successful target
CXCL11,Research target
USP1,Research target
ISG15,Research target
S100A6,Research target
HSPB1,Clinical Trial target
PTK7,Clinical Trial target
HDAC1,Successful target
TRB,Research target
MAN2A1,Discontinued target
AHCY,Research target
FURIN,Research target
DMPK,Clinical Trial target
NSD1,Research target
PTGDR,Clinical Trial target
APOA4,Research target
OXER1,Research target
GRIK3,Research target
ID2,Research target
GP1BB,Clinical Trial target
SMS,Clinical Trial target
JUN,Discontinued target
P2RX1,Research target
ITGA6,Research target
ROS1,Successful target
UCP3,Clinical Trial target
TRPM3,Research target
C1QBP,Research target
SMARCA4,Research target
POLG,Research target
PHKG2,Research target
IGFBP7,Research target
SLC22A16,Research target
MAPK9,Patented target
GPR63,Research target
XYLT2,Research target
GSS,Research target
CATSPER2,Research target
HCRTR2,Successful target
NR1I3,Successful target
NR3C2,Research target
IDH1,Successful target
FGF8,Research target
GRK5,Research target
AOC3,Successful target
TG,Research target
SLC6A9,Clinical Trial target
PLA2G7,Clinical Trial target
GCNT2,Research target
PMFBP1,Research target
WEE1,Clinical Trial target
GJA10,Research target
PMFBP1,Research target
TOR1A,Research target
NAALAD2,Research target
RTN4,Clinical Trial target
MALARIA,Research target
TNFRSF10B,Clinical Trial target
CTPS1,Clinical Trial target
DNMBP,Research target
CDK2,Clinical Trial target
GLIPR1,Clinical Trial target
EPHA4,Research target
ZNF217,Research target
SRD5A1,Clinical Trial target
BACT,Research target
RXYLT1,Research target
TLN1,Research target
GHRHR,Successful target
CTSC,Clinical Trial target
CLEC9A,Research target
CBR1,Clinical Trial target
BACT,Research target
NCK1,Clinical Trial target
MCHR2,Research target
SUCNR1,Research target
GPX1,Research target
SLC22A8,Successful target
MOBP,Research target
PGF,Successful target
GADD45B,Research target
LIMK1,Research target
BACT,Research target
MAPK7,Patented target
CHRNA4,Successful target
GSK3B,Clinical Trial target
ENTBAC,Discontinued target
SNAP25,Successful target
RBCK1,Research target
HRAS,Research target
CFH,Clinical Trial target
ITGAV/B6,Clinical Trial target
STMN1,Research target
CYSLTR1,Successful target
CLEC12A,Clinical Trial target
NPR1,Successful target
AKT3,Clinical Trial target
IRS1,Research target
TFAP2A,Research target
HPV-18,Research target
IL18RAP,Research target
MAP4K4,Research target
PLK4,Research target
IL3RA,Successful target
SRD5A2,Successful target
PDZK1,Research target
HBV,Successful target
HEXIM1,Research target
GGH,Research target
BACT,Successful target
CCN4,Research target
SMN1,Clinical Trial target
KIR2DL1,Clinical Trial target
KDM2A,Research target
LCN2,Research target
GALC,Research target
GPRC6A,Research target
LGALS3,Clinical Trial target
GART,Clinical Trial target
UTRN,Clinical Trial target
NR3C2,Successful target
CCR5,Successful target
ANXA5,Clinical Trial target
RTN4,Research target
CASP7,Clinical Trial target
GPR18,Research target
EEF1A1,Research target
DLL1,Research target
PRKCQ,Research target
CBX7,Research target
BACT,Clinical Trial target
GLRX,Research target
BACT,Research target
MC4R,Successful target
DCLK1,Research target
NFE2L2,Patented target
CCND3,Research target
IL1R1,Successful target
TNIK,Research target
BACT,Research target
GLUN2C,Research target
UBE2V1,Research target
ERG1,Research target
PMFBP1,Successful target
BACT,Research target
F3,Clinical Trial target
EPHB6,Research target
SERPINB5,Research target
SELE,Clinical Trial target
ESRRA,Successful target
ERAP1,Research target
FOXO1,Research target
LTC4S,Research target
ROBO1,Research target
HSPG2,Discontinued target
LEISHM,Research target
CSF2RA,Successful target
GLB1,Research target
MMP11,Research target
SETD7,Research target
FUNG,Successful target
KRT20,Successful target
RPL15,Research target
TF,Research target
APBB1,Successful target
ALCAM,Research target
MKI67,Research target
HPN,Research target
MMP7,Successful target
SERPINC1,Successful target
HCRTR1,Clinical Trial target
GRIK1,Successful target
WWP2,Research target
KAAG1,Research target
SETD2,Research target
GLUL,Research target
MYCB,Research target
BACT,Research target
SV2A,Successful target
PTK6,Clinical Trial target
RXFP1,Clinical Trial target
NRP2,Research target
FABP1,Successful target
CHRNB4,Clinical Trial target
CLK2,Patented target
ERG1,Successful target
EPHB2,Clinical Trial target
GPR34,Research target
KDM4C,Patented target
WNT7A,Research target
CACNA1E,Research target
CSF2,Successful target
BMI1,Research target
IGKV4-1,Research target
CHRNA3/B4,Successful target
MYCB,Clinical Trial target
CYSLTR2,Clinical Trial target
PRKCZ,Research target
BLK,Patented target
FLT1,Successful target
PLAUR,Successful target
KIF26B,Research target
MAGEC1,Clinical Trial target
GLRX2,Research target
ADGRE5,Research target
AGTR1,Successful target
KCNQ2,Research target
KCND3,Successful target
KCNJ2,Research target
RAPGEF4,Research target
MYCB,Research target
INFLU,Research target
EH,Research target
DBH,Clinical Trial target
PRKAR2B,Research target
MYCB,Research target
TTK,Clinical Trial target
HSPEK,Research target
SMAD9,Research target
NR5A2,Research target
LOX,Research target
LRP2,Research target
MTOR,Successful target
MLANA,Clinical Trial target
PMFBP1,Successful target
EBV,Research target
SLC38A3,Research target
DGAT1,Patented target
FANCF,Research target
TSPO,Successful target
MYD88,Patented target
NQO2,Successful target
GMPS,Research target
SLC12A6,Research target
YES,Clinical Trial target
METAP2,Clinical Trial target
LAMC2,Research target
NOD2,Clinical Trial target
SUGT1,Research target
APOA2,Research target
DLL3,Clinical Trial target
TMPRSS15,Research target
COL18A1,Clinical Trial target
JMJD1C,Research target
PTGFR,Successful target
CPT1B,Successful target
DPYD,Successful target
FUNG,Research target
SSX2IP,Research target
STOML2,Research target
IMPA2,Research target
C1S,Successful target
FKBP1A,Successful target
GJB5,Research target
HBEGF,Clinical Trial target
ERG1,Research target
TBXA2R,Successful target
PAH,Successful target
HAV,Clinical Trial target
ENPP3,Clinical Trial target
CD36,Research target
CES1,Successful target
GGTASE-I,Clinical Trial target
GRIN2B,Successful target
NFE2L2,Patented target
PGD,Successful target
MAP3K2,Clinical Trial target
PDXK,Research target
PSORS1C2,Research target
CD52,Successful target
ITPR2,Research target
CNR1,Successful target
PRMT3,Research target
MC3R,Research target
PMFBP1,Clinical Trial target
PRDX4,Research target
RCVRN,Research target
COMT,Successful target
GSK3A,Successful target
KCNA3,Clinical Trial target
SCN3A,Successful target
PRDX5,Successful target
DCLK3,Research target
PCSK4,Research target
SLC26A4,Research target
ADGRL3,Research target
TXNIP,Research target
MAP3K3,Research target
RNMT,Research target
UCHL3,Research target
SLITRK6,Clinical Trial target
ND3,Successful target
CTSF,Patented target
LSM1,Research target
PS,Patented target
ADORA2A,Successful target
WDR5,Research target
PDE2A,Clinical Trial target
BMP4,Research target
TPT1,Discontinued target
KIR2DS2,Clinical Trial target
ITK,Research target
AOC1,Research target
GRM8,Research target
HSPA5,Clinical Trial target
PDE1B,Research target
AGK,Research target
TAAR1,Clinical Trial target
IFNG,Successful target
GPD1,Research target
BST2,Research target
AURKB,Clinical Trial target
TRHR,Successful target
VIRU,Research target
HRH1,Successful target
TAT,Research target
PMFBP1,Clinical Trial target
ADAM10,Research target
PTP4A3,Research target
CD55,Clinical Trial target
SLC47A2,Research target
DIABLO,Research target
ERG1,Successful target
RICTOR,Research target
PNP,Clinical Trial target
TRPM2,Research target
PAP,Research target
ASRGL1,Successful target
NACC1,Research target
KCNT2,Clinical Trial target
CD44,Clinical Trial target
NAAA,Research target
FOLR3,Research target
POLG,Research target
ELAVL1,Research target
MIA,Research target
GJD4,Research target
TBXAS1,Clinical Trial target
IFNL1,Clinical Trial target
MIF,Research target
IKBKB,Clinical Trial target
SMAD1,Research target
MAP3K4,Research target
CNGA3,Research target
PAP,Research target
PRKG1,Research target
CD59,Research target
OSMR,Research target
PREPL,Research target
LGALS1,Research target
IL5,Successful target
MALARIA,Research target
PLTP,Research target
HTR1F,Successful target
MYCB,Research target
KCNJ5,Clinical Trial target
HTR1A,Successful target
KCNJ1,Patented target
CLCKB,Research target
CHPF,Research target
TFPI,Clinical Trial target
ITGA4,Clinical Trial target
TPH1,Clinical Trial target
TYK2,Clinical Trial target
NISCH,Research target
NEK6,Research target
BACT,Research target
CDA,Clinical Trial target
BACE1,Clinical Trial target
HTR7,Clinical Trial target
BACT,Successful target
KLK7,Patented target
EREG,Clinical Trial target
GDNF,Clinical Trial target
RSPO3,Clinical Trial target
BB,Research target
V1AR,Successful target
TYMS,Successful target
ULK1,Research target
KHK,Research target
FAAH2,Research target
KLK4,Patented target
LHCGR,Successful target
BACT,Research target
LEP,Research target
PRMT7,Research target
AQP9,Research target
ADAMTS4,Research target
BACT,Research target
THRA,Successful target
IGFBP2,Research target
VLA-4,Research target
CACNA1I,Research target
BACT,Research target
G6PC2,Research target
PORCN,Clinical Trial target
NPFFR1,Research target
MAPK12,Successful target
GNA11,Research target
CALR,Research target
STK36,Research target
CHRM5,Successful target
LY75,Research target
4EBP2,Clinical Trial target
L1CAM,Clinical Trial target
MSTN,Clinical Trial target
TERF1,Research target
MALARIA,Research target
TRPC6,Research target
TRYPANO,Research target
PIK3CA,Successful target
SKP2,Research target
ACVR2B,Research target
GABRB2,Successful target
KHDRBS1,Research target
VHL,Patented target
TIAM1,Research target
DNMT3L,Patented target
FFAR3,Research target
CSNK2A2,Research target
BRF1,Discontinued target
FLT1,Successful target
SDC2,Research target
RPSA,Patented target
MYCB,Research target
GPR31,Research target
BACH1,Patented target
ESR2,Successful target
TCIRG1,Research target
NFE2L2,Patented target
ANXA2R,Research target
KDR,Successful target
MYCB,Research target
CD74,Research target
SLC5A2,Clinical Trial target
CASP2,Clinical Trial target
FHL1,Research target
FUNG,Research target
POLG,Research target
IGHV5,Research target
ITCH,Research target
DSG3,Research target
HSP90B1,Clinical Trial target
CDC7,Clinical Trial target
OCA2,Clinical Trial target
SEPTIN6,Research target
TLR4,Clinical Trial target
ABHD6,Patented target
CCHCR1,Research target
BACT,Research target
SLC13A5,Research target
MYCB,Discontinued target
DAPK3,Research target
PDE1A,Research target
MMP15,Research target
POLG,Discontinued target
CD200,Clinical Trial target
PRKDC,Clinical Trial target
UBA1,Research target
SIK3,Research target
FDFT1,Discontinued target
XIAP,Clinical Trial target
IDE,Successful target
OSCAR,Research target
KLF4,Clinical Trial target
SLC9A1,Clinical Trial target
TP53,Clinical Trial target
BACT,Research target
TLR2,Clinical Trial target
P2RY4,Discontinued target
RARG,Successful target
STRE-COC,Research target
FCGR3B,Successful target
BAK1,Research target
CAMKK2,Research target
TRPV2,Research target
CTAG1B,Clinical Trial target
FOLR2,Research target
KCNK18,Research target
STXBP4,Research target
AXL,Successful target
NDUFA13,Clinical Trial target
ADAM17,Clinical Trial target
ATAD2,Research target
CHRNB2,Clinical Trial target
ACE,Successful target
KCNJ18,Research target
CYP2B6,Research target
ITPR1,Successful target
PRMT5,Clinical Trial target
AADAT,Research target
JUP,Research target
NR1I2,Research target
DYRK1B,Patented target
BACT,Research target
KLKB1,Successful target
CSNK1G2,Research target
CTNNB1,Successful target
INS,Successful target
PTPN14,Research target
MALARIA,Clinical Trial target
TAAR3P,Research target
RAB22A,Research target
TRM1,Clinical Trial target
STRE-COC,Research target
ABL2,Research target
PPIB,Successful target
LEISHM,Research target
SLC5A7,Research target
NFKB1,Successful target
PRKCI,Research target
CNTF,Clinical Trial target
TRPV1,Successful target
PSIP1,Research target
KEAP1,Patented target
RPS6KA1,Patented target
CRYZ,Research target
SLC12A7,Research target
F9,Successful target
TUSC2,Clinical Trial target
NMUR1,Research target
FOLR1,Successful target
FUBP1,Clinical Trial target
DUSP5,Research target
COL6A3,Research target
DDIT4,Clinical Trial target
WAS,Clinical Trial target
HLA-DRB1,Successful target
TNFRSF13C,Clinical Trial target
FUNG,Research target
TAT,Clinical Trial target
MALARIA,Research target
HGF,Clinical Trial target
HTR2C,Successful target
MAOA,Successful target
SIRT2,Research target
CDH3,Clinical Trial target
PTGIS,Research target
USP8,Research target
CLCF1,Research target
HOXB13,Research target
TRPA1,Successful target
HTR1E,Successful target
PDE10,Clinical Trial target
GBA,Successful target
CACNA2D1,Successful target
HDGF,Research target
STRE-COC,Research target
TUBB1,Clinical Trial target
GPR139,Clinical Trial target
OTR,Successful target
AMPD1,Research target
UCP2,Clinical Trial target
TXNRD1,Successful target
SGCA,Clinical Trial target
GNEF,Clinical Trial target
IL31R,Clinical Trial target
BECN1,Research target
CYP11B1,Successful target
F10,Successful target
CYP26A1,Clinical Trial target
TCL1A,Research target
NTRK2,Successful target
CD320,Research target
KCNA7,Research target
BIRC2,Clinical Trial target
COPS5,Research target
PICVIR,Clinical Trial target
SLC12A3,Successful target
EIF4EBP1,Research target
STRE-COC,Successful target
CCR7,Research target
TMSB4X,Research target
IL7R,Clinical Trial target
CYTH2,Research target
HPV,Clinical Trial target
PROKR1,Research target
LTA,Clinical Trial target
BACT,Research target
RTN4R,Research target
G6PC1,Research target
DNASE1,Research target
CCR3,Clinical Trial target
GSK3A,Patented target
KCNA1,Research target
FOXM1,Research target
CCN1,Research target
CBS,Research target
PTP4A1,Research target
INFLUENZA,Research target
MAPK8,Clinical Trial target
INSR,Successful target
PTGER3,Clinical Trial target
SIGLEC15,Research target
MYBPC3,Clinical Trial target
CD28,Successful target
KDM5C,Research target
SIN1,Clinical Trial target
TRPM5,Research target
CD27,Clinical Trial target
NKCC,Clinical Trial target
TXN,Clinical Trial target
MYC,Clinical Trial target
NGF,Clinical Trial target
CD5,Research target
TOP2B,Successful target
TNFRSF11A,Research target
CDK4,Successful target
PSEUDO,Research target
HPV,Research target
SVIL,Research target
FGL2,Research target
TSLP,Clinical Trial target
TPH2,Research target
C4B,Research target
SRC,Successful target
PSEUDO,Research target
SPHK1,Clinical Trial target
ANXA10,Research target
HS6ST2,Research target
TERT,Clinical Trial target
SLC22A12,Successful target
SCAP,Research target
NF2,Research target
APOC3,Clinical Trial target
ITGA4/B1,Clinical Trial target
BACT,Research target
PREP,Clinical Trial target
AQP3,Research target
TNC,Clinical Trial target
SLC40A1,Clinical Trial target
SGO1,Research target
KCNN2,Clinical Trial target
GPBAR1,Clinical Trial target
NCAM1,Clinical Trial target
ERBB3,Clinical Trial target
VIPR1,Clinical Trial target
CTSG,Clinical Trial target
BRD2,Clinical Trial target
FNTB,Research target
OXSM,Research target
TTR,Successful target
PCSK6,Research target
FDPS,Successful target
ASIC2,Research target
TNFRSF1A,Clinical Trial target
SLC1A3,Research target
ZNF146,Research target
PPARA,Successful target
PCSK9,Clinical Trial target
INFLU,Successful target
ADORA2B,Successful target
MMP3,Patented target
BACT,Research target
ATP1A2,Research target
GLS,Clinical Trial target
CD248,Clinical Trial target
LONP1,Research target
STAT3,Clinical Trial target
HMOX2,Research target
SLC38A5,Research target
FUNG,Research target
MKRN1,Research target
APOH,Discontinued target
NLRP1,Research target
AMY2A,Clinical Trial target
MYCB,Clinical Trial target
FKBP4,Research target
PTAFR,Successful target
APP,Successful target
CD3E,Successful target
MSLN,Clinical Trial target
CSNK1D,Research target
GCK,Clinical Trial target
S100B,Clinical Trial target
ITGAV,Clinical Trial target
PDGFB,Clinical Trial target
UBE3A,Research target
ADAM30,Research target
NODAL,Research target
FUNG,Research target
BACT,Research target
GRIK4,Research target
GPR174,Research target
GPR55,Successful target
AURKA,Clinical Trial target
DOT1L,Clinical Trial target
NPPC,Clinical Trial target
CLEC6A,Research target
MSTN,Clinical Trial target
HAE-INFLU,Research target
FPR1,Clinical Trial target
ROR1,Clinical Trial target
GCGR,Clinical Trial target
SELE,Research target
GRIK5,Research target
KLKB1,Clinical Trial target
IRAK3,Research target
TNFRSF8,Successful target
LDHA,Research target
GJD2,Research target
BACT,Research target
BACT,Research target
GGCX,Successful target
HCAR2,Successful target
VIP,Research target
BACT,Successful target
GLO1,Clinical Trial target
DNMT1,Clinical Trial target
LMO2,Research target
SSRP1,Clinical Trial target
PSEUDO,Research target
RSV,Clinical Trial target
OPA1,Research target
PTPRZ1,Research target
ARAF,Clinical Trial target
KIT,Clinical Trial target
SERPINA6,Successful target
NFE2L2,Clinical Trial target
GPR39,Research target
CD300A,Research target
MIDH1,Clinical Trial target
NOTCH2,Clinical Trial target
ANGPTL3,Clinical Trial target
PAOX,Research target
ADORA1,Clinical Trial target
UCP1,Clinical Trial target
RAC1,Research target
MYCN,Research target
ITGA5/B1,Clinical Trial target
TRM1,Research target
DMD,Clinical Trial target
PMFBP1,Successful target
ANKH,Research target
RXFP3,Research target
GJB2,Research target
PDE3A,Successful target
CRITHI,Research target
PLG,Successful target
CYP17A1,Successful target
MALARIA,Clinical Trial target
MAP2K2,Clinical Trial target
PECAM1,Research target
PLOD1,Clinical Trial target
HMGCS2,Research target
SOD1,Clinical Trial target
MYCB,Research target
PMS2L,Research target
NPY1R,Clinical Trial target
RPS12,Research target
FOSL1,Research target
MAP3K10,Research target
KCNH5,Research target
FSTL3,Research target
IMPDH2,Successful target
CDK6,Successful target
SLC2A1,Research target
MAT2B,Research target
PDF,Successful target
DTL,Research target
PTPN1,Successful target
RPB1,Research target
ESR1,Successful target
STAB2,Research target
CASP5,Patented target
IDO1,Successful target
MTTP,Discontinued target
SBK3,Research target
SLC18A3,Discontinued target
TREM1,Research target
TBL1XR1,Research target
NR0B2,Research target
FTH1,Clinical Trial target
GART,Clinical Trial target
CCR2,Clinical Trial target
MYH2,Research target
KITLG,Research target
UBE2E2,Research target
BACT,Research target
APOA1,Research target
UBC,Patented target
FGFR3,Clinical Trial target
YFM,Research target
FUNG,Research target
SNCG,Research target
CYP3A4,Clinical Trial target
EV,Research target
JAG2,Research target
PDGFD,Research target
MARK3,Clinical Trial target
IGF2,Clinical Trial target
BRAF,Clinical Trial target
RARS1,Research target
DLG4,Research target
GABRR2,Research target
MGAT1,Research target
H3-3A,Research target
P2RY6,Clinical Trial target
NAPEPLD,Research target
CD83,Research target
MYCB,Research target
NPFFR2,Research target
IL5RA,Successful target
ENOX2,Research target
GRIA2,Research target
KCND1,Research target
DHCR24,Research target
BACT,Research target
BMP2K,Research target
BRDT,Clinical Trial target
ADAMTS1,Research target
FGFR4,Clinical Trial target
BACT,Research target
DFFB,Research target
RSPO1,Clinical Trial target
PLA2G4C,Research target
C1D,Research target
AKT3,Research target
WWP1,Research target
CHUK,Research target
SLC15A1,Research target
CXXC5,Research target
STEAP1,Clinical Trial target
MTHFR,Research target
STK17A,Research target
FGFR3,Clinical Trial target
DPM1,Research target
PMFBP1,Research target
CIT,Research target
ROR2,Clinical Trial target
VZV,Successful target
PMFBP1,Research target
UBE2T,Clinical Trial target
ABCC8,Successful target
BACT,Research target
TRPC4,Clinical Trial target
TNK1,Research target
TRIM37,Research target
TRIM27,Research target
TKTL1,Research target
TRIM28,Research target
P2RY8,Research target
ADK,Clinical Trial target
TDG,Research target
FN1,Clinical Trial target
ITK,Clinical Trial target
STYK1,Research target
CRTC2,Research target
MAS1,Clinical Trial target
BACT,Research target
ELK3,Research target
SIRT5,Research target
SIRT3,Research target
REG3A,Clinical Trial target
GFRA3,Clinical Trial target
EGFR,Successful target
ADORA1,Successful target
CASR,Successful target
DPYSL2,Successful target
INPP1,Research target
CREB1,Research target
RNF6,Research target
TNFRSF4,Clinical Trial target
ID1,Research target
TEK,Clinical Trial target
EIMTE,Research target
ADCYAP1R1,Clinical Trial target
OGG1,Research target
NEK8,Research target
NPTX2,Clinical Trial target
MSRB1,Research target
FN3K,Research target
RYR1,Discontinued target
MAP3K21,Research target
SLC9A3,Clinical Trial target
EIF3M,Discontinued target
PDE1C,Research target
CYP24A1,Clinical Trial target
GDA,Research target
RIPK2,Clinical Trial target
SOCS3,Research target
EEF-2K,Successful target
CAPN1,Patented target
CYP1B1,Clinical Trial target
BCAT1,Research target
ADRA1A,Successful target
BAP1,Research target
GATA3,Research target
ATAT1,Research target
LPAR1,Clinical Trial target
ATP4A,Successful target
P2RY11,Discontinued target
SMAD6,Research target
VIRU,Research target
CFI,Research target
AMACR,Research target
ZIK1,Research target
MGAM,Successful target
SLC14A1,Research target
DYRK1A,Patented target
EDNRB,Successful target
AREG,Research target
MALARIA,Research target
KIF20B,Research target
TRIM59,Research target
NPR3,Clinical Trial target
TPX2,Research target
ITGA8,Research target
DDX5,Clinical Trial target
ABCB4,Discontinued target
PSEN1,Clinical Trial target
ETS2,Clinical Trial target
BDNF,Clinical Trial target
PSEUDO,Research target
TAGLN2,Research target
STRAP,Research target
SRGN,Research target
CCL21,Research target
PRKCE,Research target
SH3GL1,Research target
HCN1,Research target
MRC1,Research target
ACP3,Clinical Trial target
TAGLN,Research target
SF3B1,Research target
SATB1,Research target
SLC38A7,Research target
SQLE,Successful target
IL6R,Successful target
IL24,Clinical Trial target
SCGB1A1,Research target
CALCA,Clinical Trial target
BACT,Research target
P2RY2,Clinical Trial target
S100A3,Research target
ALOX5,Discontinued target
RGS4,Research target
RIPK4,Research target
TAT,Clinical Trial target
CTSV,Patented target
SMAD7,Clinical Trial target
MMP9,Research target
RHBDF2,Research target
RACK1,Research target
KIF5A,Research target
FNDC1,Research target
SFRP4,Research target
TAT,Successful target
GPR119,Successful target
CNGA1,Clinical Trial target
GRN,Research target
MAGEA2,Research target
SLC12A1,Successful target
CASP9,Clinical Trial target
PEBP1,Research target
PALMD,Research target
PLCG1,Research target
TNFRSF9,Clinical Trial target
CAV1,Research target
NR4A3,Research target
NLRC5,Research target
ASPERG,Successful target
GAP43,Research target
NEDD8,Clinical Trial target
F2,Successful target
YAP1,Research target
BACT,Research target
RARA,Clinical Trial target
TRM1,Clinical Trial target
FYN,Research target
PKN2,Research target
SRPK1,Research target
TRPM4,Clinical Trial target
PNLIP,Successful target
CRLF1,Research target
HDAC10,Patented target
HELPY,Research target
TRIP10,Research target
CDC37,Research target
MYCB,Research target
MYCB,Research target
TRM1,Successful target
AQP7,Research target
AOX1,Successful target
PTPRD,Research target
RPS6KB1,Clinical Trial target
IL20,Clinical Trial target
ANO7,Research target
REG4,Research target
PLN,Research target
PSEUDO,Research target
AKT2,Research target
SLC28A2,Research target
LDLR,Successful target
SMAD7,Clinical Trial target
LAG3,Clinical Trial target
BCAT2,Research target
PEPD,Research target
TYRO3,Research target
PRG4,Research target
CTF1,Clinical Trial target
NEDD4,Research target
HTATIP2,Research target
FMNL1,Research target
USP2,Research target
ENAH,Research target
MAG,Clinical Trial target
RPB1,Clinical Trial target
MC5R,Clinical Trial target
SALTI,Research target
IFNAR1,Clinical Trial target
IL12B,Successful target
PYGM,Discontinued target
FCERG,Successful target
BACT,Research target
BACT,Research target
LEISHMANIA,Research target
SLC1A2,Research target
CYP2B6,Discontinued target
SST,Successful target
KRT6A,Clinical Trial target
ARL2,Research target
DGAT2,Successful target
PIK3CB,Research target
NTSR2,Research target
ITGAM,Research target
ZWINT,Research target
PSEUDO,Research target
TWIST1,Research target
TM6SF2,Research target
INFLU,Successful target
BAZ2A,Research target
SMN1,Research target
TCF3,Research target
SCG3,Research target
MAP3K14,Research target
NF2,Research target
ADAM8,Research target
RSF1,Research target
STRE-COC,Research target
SLC16A1,Research target
TAF2,Research target
RSK6,Research target
CLUSTERIN,Clinical Trial target
PIK3CG,Successful target
RPH3A,Research target
LPAR3,Clinical Trial target
ASIC3,Research target
IL13RA1,Research target
LASP1,Research target
SLC19A2,Research target
PCYT1B,Clinical Trial target
CXCL1,Research target
GALE,Research target
IL32,Research target
CXCR4,Successful target
TOP2A,Successful target
GPR137,Research target
MALARIA,Successful target
FOXP1,Research target
GRIA4,Successful target
FOXJ2,Research target
FAT1,Research target
EZR,Research target
SLC38A2,Research target
DEPTOR,Research target
GPR182,Research target
UBA3,Research target
DEPDC1,Research target
HAE-INFLU,Research target
ARHGEF3,Research target
PHB,Research target
ATRAID,Research target
GUSB,Successful target
SENP1,Research target
MALARIA,Clinical Trial target
SHCBP1,Research target
HSP90AB1,Clinical Trial target
CXCL2,Clinical Trial target
CLU,Research target
HK2,Clinical Trial target
DNAJB1P1,Research target
RHOA,Discontinued target
GDF5,Clinical Trial target
ERBB2,Clinical Trial target
MALARIA,Research target
NIE,Clinical Trial target
IL37,Successful target
SPOCK1,Research target
MVD,Research target
COL7A1,Research target
MELK,Clinical Trial target
LIFR,Clinical Trial target
MALARIA,Successful target
DKK3,Clinical Trial target
MCM7,Research target
MAT2A,Clinical Trial target
TAOK1,Research target
TYR,Successful target
FETUA,Clinical Trial target
NOP2,Research target
FOLH1,Successful target
CD37,Clinical Trial target
NES,Research target
MKNK1,Clinical Trial target
MYLK,Clinical Trial target
DYRK3,Patented target
ATR,Clinical Trial target
M6PR,Successful target
ATM,Clinical Trial target
SPN,Research target
TGFB1,Successful target
NRG4,Research target
SLCO4A1,Research target
IGKV7-3,Clinical Trial target
UPP1,Research target
BRS3,Research target
LNPEP,Research target
ITGA4,Successful target
MAP3K5,Clinical Trial target
AURKC,Clinical Trial target
MTNR1A,Successful target
CFTR,Successful target
LANCL1,Research target
ADCY2,Research target
PPAT,Successful target
PRSS12,Research target
PPT1,Clinical Trial target
PCSK2,Research target
EV,Clinical Trial target
TPCN2,Research target
POLG,Clinical Trial target
CCL3,Clinical Trial target
CD47,Clinical Trial target
CD86,Research target
MAP3K20,Research target
STRE,Research target
CCR9,Clinical Trial target
PLIN1,Research target
HDAC11,Patented target
FPR2,Research target
GUCY2C,Successful target
KLRK1,Research target
CPB2,Clinical Trial target
SLAMF7,Successful target
TNC,Patented target
MLYCD,Research target
DCK,Research target
CMPK1,Research target
GPR84,Research target
NUCB1,Clinical Trial target
ARSA,Clinical Trial target
STRE-COC,Research target
PPAT,Research target
MOCS1,Clinical Trial target
MYLK2,Research target
CLK4,Research target
PTPN6,Research target
CASP1,Clinical Trial target
KAT6B,Research target
PAK4,Clinical Trial target
SOAT2,Research target
PSEUDO,Research target
FKBP5,Research target
USP44,Research target
PPARGC1B,Research target
TYMS,Research target
CCNB1,Patented target
GALR1,Clinical Trial target
TIE1,Research target
AIMP2,Research target
ITGA11,Research target
GJC3,Research target
ANGPTL4,Research target
PBK,Research target
HDAC7,Patented target
PTH,Successful target
SLC34A2,Research target
ADAMTS5,Clinical Trial target
CSF3R,Successful target
MRM2,Successful target
THRB,Successful target
PDK3,Research target
BRAF,Successful target
CLIC1,Research target
MKNK2,Clinical Trial target
SLC10A1,Clinical Trial target
PSEN2,Clinical Trial target
SLCO3A1,Research target
PI4KA,Clinical Trial target
RGMA,Clinical Trial target
PMFBP1,Research target
CACNA1F,Research target
STING1,Clinical Trial target
RIPK1,Clinical Trial target
GRM5,Clinical Trial target
SERPINI2,Research target
THPO,Clinical Trial target
TNFRSF13B,Clinical Trial target
VDAC1,Clinical Trial target
GRM4,Research target
TAAR1,Successful target
HLA-DRB1,Clinical Trial target
TRBC1,Clinical Trial target
TRYPANO,Successful target
ALDH,Successful target
GABRR1,Research target
CD19,Research target
VSIR,Clinical Trial target
FGF18,Clinical Trial target
MYB,Clinical Trial target
SUMO1,Research target
BCHE,Successful target
PDE11A,Research target
GRPR,Clinical Trial target
FOXC1,Research target
GLUL,Clinical Trial target
HSPA9,Clinical Trial target
KYNU,Research target
CD274,Successful target
PTGIR,Successful target
CSNK1E,Research target
BMX,Research target
